condition,problem_id,gaps,issue_hit,response,raw_response,input_tokens,output_tokens,ttft_s,latency_s,truncated,parse_success,operational_success,attempts,thinking_text,done_reason,error
Base-Instruct reviewer,N1,"['The choice of ε = 1 is insufficient to guarantee f(x) > 0; it depends on L, and the argument fails when L is very small (e.g., L = 0.1), since L−1 < 0. The proof must use ε = L/2 to ensure that f(x) >']",True,"[""The choice of ε = 1 is insufficient to guarantee f(x) > 0; it depends on L, and the argument fails when L is very small (e.g., L = 0.1), since L−1 < 0. The proof must use ε = L/2 to ensure that f(x) > L − L/2 = L/2 > 0, which is strictly positive. The student's choice of ε = 1 does not work in general and misses the necessity of choosing ε based on L to bound away from zero.""]","[""The choice of ε = 1 is insufficient to guarantee f(x) > 0; it depends on L, and the argument fails when L is very small (e.g., L = 0.1), since L−1 < 0. The proof must use ε = L/2 to ensure that f(x) > L − L/2 = L/2 > 0, which is strictly positive. The student's choice of ε = 1 does not work in general and misses the necessity of choosing ε based on L to bound away from zero.""]<|im_end|>",645,117,0.10338068299995484,8.479890506999936,False,True,True,,,,
Base-Instruct reviewer,N2,"['The student incorrectly applies the Intermediate Value Theorem to conclude that there exists $c \\in (a,b)$ with $f(c) = \\frac{1}{b-a} \\int_a^b f(x)\\,dx$, without justifying that the average value of $', 'The student fails to establish that the value $A = \\frac{1}{b-a} \\int_a^b f(x)\\,dx$ equals $f(c)$ for some $c \\in (a,b)$ via a proper application of the Mean Value Theorem for integrals, which require']",False,"[""The student incorrectly applies the Intermediate Value Theorem to conclude that there exists $c \in (a,b)$ with $f(c) = \frac{1}{b-a} \int_a^b f(x)\,dx$, without justifying that the average value of $f$ lies between $f(a)$ and $f(b)$, which is not necessarily true for all continuous functions; the correct argument relies on the Mean Value Theorem for integrals, not the Intermediate Value Theorem."", ""The student fails to establish that the value $A = \frac{1}{b-a} \int_a^b f(x)\,dx$ equals $f(c)$ for some $c \in (a,b)$ via a proper application of the Mean Value Theorem for integrals, which requires a different argument based on the continuity of $f$ and the Fundamental Theorem of Calculus, not the Intermediate Value Theorem.""]","[""The student incorrectly applies the Intermediate Value Theorem to conclude that there exists $c \in (a,b)$ with $f(c) = \frac{1}{b-a} \int_a^b f(x)\,dx$, without justifying that the average value of $f$ lies between $f(a)$ and $f(b)$, which is not necessarily true for all continuous functions; the correct argument relies on the Mean Value Theorem for integrals, not the Intermediate Value Theorem."", ""The student fails to establish that the value $A = \frac{1}{b-a} \int_a^b f(x)\,dx$ equals $f(c)$ for some $c \in (a,b)$ via a proper application of the Mean Value Theorem for integrals, which requires a different argument based on the continuity of $f$ and the Fundamental Theorem of Calculus, not the Intermediate Value Theorem.""]<|im_end|>",677,192,0.10306128199999876,13.934628812000028,False,True,False,,,,
Base-Instruct reviewer,N3,"[""Step: 'we have g(0)=g(1)' is incorrect. From f(0)=f(2), it follows that g(0)=f(0)-f(1), g(1)=f(1)-f(2)=f(1)-f(0)=-g(0), so g(1) = -g(0), not equal to g(0) unless g(0)=0. This assertion is false in gen"", ""Step: 'By the Intermediate Value Theorem, g(c)=0 for some c in [0,1]' lacks justification — the student assumes g(0)=g(1) implies opposite signs or zero, but this is not true. Even if g(0)=g(1), it do""]",True,"[
  ""Step: 'we have g(0)=g(1)' is incorrect. From f(0)=f(2), it follows that g(0)=f(0)-f(1), g(1)=f(1)-f(2)=f(1)-f(0)=-g(0), so g(1) = -g(0), not equal to g(0) unless g(0)=0. This assertion is false in general and leads to a wrong application of IVT."",
  ""Step: 'By the Intermediate Value Theorem, g(c)=0 for some c in [0,1]' lacks justification — the student assumes g(0)=g(1) implies opposite signs or zero, but this is not true. Even if g(0)=g(1), it does not guarantee a root unless sign change or zero value is established. The condition g(0)=g(1) is not sufficient to apply IVT.""
]","[
  ""Step: 'we have g(0)=g(1)' is incorrect. From f(0)=f(2), it follows that g(0)=f(0)-f(1), g(1)=f(1)-f(2)=f(1)-f(0)=-g(0), so g(1) = -g(0), not equal to g(0) unless g(0)=0. This assertion is false in general and leads to a wrong application of IVT."",
  ""Step: 'By the Intermediate Value Theorem, g(c)=0 for some c in [0,1]' lacks justification — the student assumes g(0)=g(1) implies opposite signs or zero, but this is not true. Even if g(0)=g(1), it does not guarantee a root unless sign change or zero value is established. The condition g(0)=g(1) is not sufficient to apply IVT.""
]<|im_end|>",718,205,0.1027703869999641,14.741956399999935,False,True,True,,,,
LoRA reviewer,N1,,True,"The core idea is right but the choice of $\varepsilon=1$ is too crude — it may not even make $L-1>0$. To guarantee $f(x)>0$, you must choose $\varepsilon$ so small that $L-\varepsilon$ remains positive. What should $\varepsilon$ be chosen as?","The core idea is right but the choice of $\varepsilon=1$ is too crude — it may not even make $L-1>0$. To guarantee $f(x)>0$, you must choose $\varepsilon$ so small that $L-\varepsilon$ remains positive. What should $\varepsilon$ be chosen as?<|im_end|>",645,73,0.1597390680000217,9.639214480999954,False,False,False,,,,
LoRA reviewer,N2,,True,"The conclusion is right but the tool is wrong: the IVT needs the value to lie between the endpoint values — it doesn't guarantee a point with the average value. Also, the average need not lie between $f(a)$ and $f(b)$; $f$ may be negative. Which theorem should you use instead?","The conclusion is right but the tool is wrong: the IVT needs the value to lie between the endpoint values — it doesn't guarantee a point with the average value. Also, the average need not lie between $f(a)$ and $f(b)$; $f$ may be negative. Which theorem should you use instead?<|im_end|>",677,67,0.15815789200007657,8.82028479600001,False,False,False,,,,
LoRA reviewer,N3,,False,"The step ""since $f(0)=f(2)$, we have $g(0)=g(1)$"" is false — it's not true in general. What does $g(0)$ equal and what does $g(1)$ equal?","The step ""since $f(0)=f(2)$, we have $g(0)=g(1)$"" is false — it's not true in general. What does $g(0)$ equal and what does $g(1)$ equal?<|im_end|>",718,55,0.1584284470000057,7.2557994219999955,False,False,False,,,,
Base-Thinking reviewer,N1,"[""在步驟 'f(x) > L-1 > 0' 中，學生未證明 $L - 1 > 0$，而 $L > 0$ 不能保證 $L - 1 > 0$""]",True,"[""在步驟 'f(x) > L-1 > 0' 中，學生未證明 $L - 1 > 0$，而 $L > 0$ 不能保證 $L - 1 > 0$""]","首先，我需要理解題目和學生的草稿。題目是：假設 $\lim_{x\to a} f(x)=L$ 且 $L>0$，用極限的定義證明 $f(x)>0$ 對所有足夠接近 $a$ 的 $x$ 成立。

參考解是：取 $\varepsilon = L/2 > 0$，然後存在 $\delta > 0$ 使得當 $0 < |x-a| < \delta$ 時，$|f(x) - L| < L/2$，因此 $f(x) > L - L/2 = L/2 > 0$。

學生的草稿：學生取 $\varepsilon = 1$，然後存在 $\delta > 0$ 使得當 $0 < |x-a| < \delta$ 時，$|f(x) - L| < 1$。然後說 $f(x) > L - 1 > 0$ 因為 $L > 0$。

我需要嚴格審閱學生的草稿，找出缺漏或錯誤。

關鍵點：學生取 $\varepsilon = 1$，但 $\varepsilon$ 的選擇必須依賴於 $L$，因為 $L > 0$ 但可能很小。例如，如果 $L = 0.1$，那麼取 $\varepsilon = 1$ 可能不夠小，導致 $|f(x) - L| < 1$ 時，$f(x)$ 可能為負。

在極限定義中，$\varepsilon$ 是任意正數，但學生固定 $\varepsilon = 1$，這可能不適用，因為對於給定的 $L$，如果 $L$ 很小，$\varepsilon = 1$ 可能太大，無法保證 $f(x) > 0$。

具體來說：學生說 $f(x) > L - 1$，但 $L - 1$ 可能為負（例如 $L = 0.5$，則 $L - 1 = -0.5 < 0$），所以 $f(x) > -0.5$ 不保證 $f(x) > 0$。

參考解中取 $\varepsilon = L/2$ 以確保 $L - \varepsilon > 0$，因為 $L > 0$。

學生的錯誤：學生沒有考慮 $L$ 的大小。取 $\varepsilon = 1$ 是不適切的，因為 $L$ 可能小於 1，導致 $L - 1 < 0$，因此 $f(x) > L - 1$ 不能推出 $f(x) > 0$。

另外，學生說 ""thus $f(x) > L - 1 > 0$""，但 $L - 1 > 0$ 只有當 $L > 1$ 時成立，而題目只給 $L > 0$，所以 $L - 1$ 可能不為正。

例如，假設 $L = 0.5$，則 $L - 1 = -0.5 < 0$，所以 $f(x) > -0.5$ 但不保證 $f(x) > 0$。實際上，如果 $f(x)$ 接近 $0.5$，但可能小於 0.5 但大於 0，但學生的結論 $f(x) > 0$ 不成立，因為 $f(x)$ 可能為負（例如，如果 $f(x) = -0.1$，但 $|f(x) - 0.5| = 0.6 < 1$，所以對於 $\varepsilon = 1$，$f(x)$ 可能為負）。

在極限定義中，對於 $\varepsilon = 1$，存在 $\delta$ 使得 $|f(x) - L| < 1$，但這不意味著 $f(x) > 0$，因為 $L$ 可能小於 1。

所以，學生的錯誤在於：取 $\varepsilon = 1$ 是不正確的，因為 $\varepsilon$ 需要選擇為 $L/2$ 以確保 $L - \varepsilon > 0$。

另外，學生說 ""L > 0"" 所以 $L - 1 > 0$，但這不成立，因為 $L - 1$ 可能為負。

具體缺漏：

1. 學生沒有證明 $L - 1 > 0$。題目只給 $L > 0$，但 $L - 1$ 可能為負（例如 $L = 0.5$）。

2. 學生取 $\varepsilon = 1$，但 $\varepsilon$ 的選擇應該依賴於 $L$，因為 $L$ 是固定的正數，但學生固定 $\varepsilon = 1$ 不考慮 $L$ 的大小。

在參考解中，$\varepsilon$ 被選擇為 $L/2$ 以確保 $L - \varepsilon > 0$。

學生的草稿中，步驟： ""I use epsilon = 1. Then there is delta > 0 such that 0 < |x-a| < delta implies |f(x)-L| < 1. Thus f(x) > L-1 > 0 because L > 0.""

問題：

- ""f(x) > L-1""：這正確，因為 $|f(x) - L| < 1$ 意味著 $L - 1 < f(x) < L + 1$。

- 但 ""L-1 > 0""：這不成立，因為 $L > 0$ 但 $L$ 可能小於 1。

所以，學生錯誤地假設 $L - 1 > 0$，但題目只給 $L > 0$，沒有保證 $L > 1$。

此外，學生沒有說明為什麼 $\varepsilon = 1$ 是合適的。在極限定義中，$\varepsilon$ 可以是任意正數，但這裡學生固定 $\varepsilon = 1$，這可能導致結論不成立，因為如果 $L$ 很小，$f(x)$ 可能為負。

在證明中，$\varepsilon$ 需要被選擇為一個小於 $L$ 的數（例如 $L/2$）以確保 $f(x) > 0$。

所以，根本問題：

1. 學生取 $\varepsilon = 1$，但沒有驗證這個 $\varepsilon$ 能保證 $L - \varepsilon > 0$。具體來說，$L - 1$ 可能為負，因此 $f(x) > L - 1$ 不足以推出 $f(x) > 0$。

2. 學生說 ""L > 0"" 所以 $L - 1 > 0$，但這不正確；$L > 0$ 不意味著 $L > 1$。

在教學標準下，這是一個缺漏：學生沒有說明 $L - 1 > 0$，而這對結論是必要的。

另外，學生的證明中，$\varepsilon$ 的選擇是固定的 1，但實際上 $\varepsilon$ 需要依賴於 $L$，所以學生的步驟不完整。

現在，列出所有獨立的問題：

- 在步驟 ""Thus f(x) > L-1 > 0"" 中，學生斷言 $L-1 > 0$，但題目只給 $L > 0$，沒有保證 $L > 1$。因此，缺漏：沒有證明 $L > 1$。

- 但學生說 ""because L > 0""，這暗示學生認為 $L > 0$ 意味著 $L - 1 > 0$，但這不成立。

所以，問題是：學生錯誤地假設 $L - 1 > 0$，而這不是由 $L > 0$ 直接推出的。

在嚴格教學標準下，這是一個缺漏：學生沒有陳述 $L > 1$ 或證明 $L - 1 > 0$。

此外，學生取 $\varepsilon = 1$ 是不適切的，因為對於給定的 $L$，如果 $L \leq 1$，$\varepsilon = 1$ 可能太大。但學生的證明中，$\delta$ 依賴於 $\varepsilon$，但學生沒有考慮 $L$ 的大小。

然而，在審閱中，我需要針對草稿的步驟。

草稿的步驟：

1. I use epsilon = 1. → 這裡，$\varepsilon$ 被固定為 1，但應該依賴於 $L$。

2. Then there is delta > 0 such that 0 < |x-a| < delta implies |f(x)-L| < 1. → 這步驟正確，因為極限定義允許任意 $\varepsilon$，所以對於 $\varepsilon = 1$，存在 $\delta$。

3. Thus f(x) > L-1 > 0 because L > 0. → 這裡，$f(x) > L-1$ 正確，但 $L-1 > 0$ 不正確，因為 $L > 0$ 不保證 $L > 1$。

所以，主要問題在第三步：學生斷言 $L-1 > 0$，但沒有證明它。

具體來說，學生說 ""L > 0"" 所以 $L-1 > 0$，但這邏輯錯誤。

在教學上，這是一個缺漏：學生沒有說明 $L > 1$ 或為什麼 $L-1 > 0$。

此外，學生的 $\varepsilon$ 選擇不當，但問題在於結論。

另一個角度：學生的證明可能對某些 $L > 1$ 成立，但題目要求對所有 $L > 0$ 成立，所以對於 $L \leq 1$，證明不成立。

例如，取 $L = 0.5$，$\varepsilon = 1$，則存在 $\delta$ 使得 $|f(x) - 0.5| < 1$，即 $-0.5 < f(x) < 1.5$。但 $f(x)$ 可能為負（例如 $f(x) = -0.1$），所以 $f(x) > 0$ 不成立。

因此，學生的證明有誤。

現在，用 JSON 格式輸出問題。

每項用一句話精確說明。

可能的問題：

1. 在步驟 ""f(x) > L-1 > 0"" 中，學生假設 $L-1 > 0$，但題目只給 $L > 0$，未保證 $L > 1$。

2. 學生取 $\varepsilon = 1$，但未驗證此 $\varepsilon$ 能確保 $L - \varepsilon > 0$；實際上，$L - 1$ 可能為負。

但問題 2 可能涵蓋在問題 1 中。

我需要獨立的問題。

規則：必須列出所有彼此獨立的根本問題。

所以：

- 問題 1：學生錯誤地斷言 $L - 1 > 0$，而 $L > 0$ 不足以推出此結論（例如 $L = 0.5$ 時 $L - 1 = -0.5 < 0$）。

- 問題 2：學生固定 $\varepsilon = 1$，但 $\varepsilon$ 的選擇應依賴於 $L$ 以確保 $L - \varepsilon > 0$；這裡未說明 $L > 1$。

但問題 2 可能重複。

在教學標準下，主要問題是學生沒有證明 $L - 1 > 0$。

另一個點：學生說 ""L > 0"" 所以 $L - 1 > 0$，但這邏輯錯誤，因為 $L > 0$ 不意味著 $L > 1$。

所以，精確說明：

- 在 ""f(x) > L-1 > 0"" 這一步，學生未證明 $L - 1 > 0$，而僅由 $L > 0$ 不能推出 $L - 1 > 0$。

此外，學生的 $\varepsilon$ 選擇不當，但問題在於結論。

參考解中，$\varepsilon$ 被選擇為 $L/2$ 以確保 $L - \varepsilon > 0$。

學生的草稿中，$\varepsilon = 1$ 未考慮 $L$ 的大小。

所以，獨立問題：

1. 學生取 $\varepsilon = 1$，但未驗證此 $\varepsilon$ 能保證 $L - \varepsilon > 0$；實際上，$L - 1$ 可能為負（例如 $L = 0.5$）。

2. 學生斷言 $L - 1 > 0$，但題目只給 $L > 0$，未保證 $L > 1$。

但問題 1 和 2 有重疊。

或許只有一個問題：學生錯誤地假設 $L - 1 > 0$。

在教學上，這是一個缺漏：學生沒有陳述 $L > 1$ 或證明 $L - 1 > 0$。

規則： ""某一步結論依賴的事實沒有明說——即使該事實顯然成立也算缺漏。""

這裡，結論 $f(x) > 0$ 依賴於 $L - 1 > 0$，但學生沒有明說 $L - 1 > 0$。

所以，問題：在步驟 ""f(x) > L-1 > 0"" 中，學生未明說 $L - 1 > 0$，而 $L > 0$ 不足以保證此不等式。

另外，學生的 $\varepsilon$ 選擇不當，但這可能被視為另一個問題。

但學生的草稿中，$\varepsilon$ 選擇是 ""I use epsilon = 1""，這本身可能不正確，因為 $\varepsilon$ 需要依賴於 $L$。

在極限定義中，$\varepsilon$ 可以是任意正數，但對於證明 $f(x) > 0$，$\varepsilon$ 必須選擇為小於 $L$ 的數。

所以，學生的 $\varepsilon$ 選擇是不適切的，因為它不依賴於 $L$。

但問題在於結論。

我認為主要問題是學生沒有證明 $L - 1 > 0$。

讓我寫出 JSON。

首先，問題：學生說 ""L > 0"" 所以 $L - 1 > 0$，但這不成立。

精確說明：在步驟 ""f(x) > L-1 > 0"" 中，學生假設 $L - 1 > 0$，但題目只給 $L > 0$，未保證 $L > 1$。

另一個問題：學生取 $\varepsilon = 1$，但對於給定的 $L$，如果 $L \leq 1$，此 $\varepsilon$ 可能導致 $f(x)$ 為負，但學生的證明中，$\delta$ 依賴於 $\varepsilon$，但學生沒有考慮 $L$ 的大小。

然而，在審閱中，我需要針對草稿的步驟。

草稿的步驟是： ""I use epsilon = 1. Then there is delta > 0 such that 0 < |x-a| < delta implies |f(x)-L| < 1. Thus f(x) > L-1 > 0 because L > 0.""

所以，問題在 ""Thus f(x) > L-1 > 0"" 這部分。

具體缺漏：

- 沒有證明 $L - 1 > 0$；學生只說 ""because L > 0""，但 $L > 0$ 不推出 $L - 1 > 0$。

- 也，學生的 $\varepsilon$ 選擇不當，但這可能被視為一個問題。

在教學標準下，這是一個缺漏：學生沒有陳述 $L > 1$。

此外，學生的證明可能對 $L > 1$ 成立，但題目要求對所有 $L > 0$ 成立，所以證明不完整。

但對於審閱，我需要指出錯誤。

我決定：主要問題是學生錯誤地斷言 $L - 1 > 0$。

用一句話：在步驟 ""f(x) > L-1 > 0"" 中，學生未明確證明 $L - 1 > 0$，而僅由 $L > 0$ 不能保證此不等式成立（例如當 $L = 0.5$ 時 $L - 1 = -0.5 < 0$）。

但規則說： ""每項用一句話精確說明：在哪一步、缺了什麼或錯在哪。""

所以，對於這個問題：在哪一步？在 ""Thus f(x) > L-1 > 0"" 這一步。

缺了什麼？學生未證明 $L - 1 > 0$，而 $L > 0$ 不足以推出 $L - 1 > 0$。

另一個獨立問題：學生取 $\varepsilon = 1$，但 $\varepsilon$ 的選擇應依賴於 $L$ 以確保 $L - \varepsilon > 0$；這裡未說明 $L > 1$。

但這可能是一個問題。

在參考解中，$\varepsilon$ 被選擇為 $L/2$，所以學生的 $\varepsilon = 1$ 是不適切的。

所以，問題：學生固定 $\varepsilon = 1$，但未驗證此選擇能保證 $f(x) > 0$；實際上，對於 $L \leq 1$，$f(x)$ 可能為負。

但學生的證明中，$\delta$ 依賴於 $\varepsilon$，但學生沒有考慮 $L$。

我認為有兩個問題：

1. 學生取 $\varepsilon = 1$，但未說明此 $\varepsilon$ 能確保 $L - \varepsilon > 0$；實際上，$L - 1$ 可能為負。

2. 學生斷言 $L - 1 > 0$，但題目只給 $L > 0$，未保證 $L > 1$。

但問題 2 是問題 1 的一部分。

為了安全，我列出一個問題。

規則： ""必須列出所有彼此獨立的根本問題""

在這個案例中，可能只有一個根本問題：學生沒有證明 $L - 1 > 0$。

例如，學生說 ""L > 0"" 所以 $L - 1 > 0$，但這邏輯錯誤。

所以，問題：在步驟 ""f(x) > L-1 > 0"" 中，學生錯誤地假設 $L - 1 > 0$，而 $L > 0$ 不足以推出此結論。

用 JSON: [""在步驟 'f(x) > L-1 > 0' 中，學生未證明 $L - 1 > 0$，而僅由 $L > 0$ 不能保證此不等式成立""]

但需要精確。

另一個點：學生的草稿中，有 ""Is this proof correct?"" 但這不是證明步驟，是學生的問題，但審閱是針對草稿。

草稿是 ""I use epsilon = 1. Then there is delta > 0 such that 0 < |x-a| < delta implies |f(x)-L| < 1. Thus f(x) > L-1 > 0 because L > 0.""

所以，問題在 ""Thus f(x) > L-1 > 0""。

我認為最直接的問題是：學生斷言 $L - 1 > 0$，但 $L > 0$ 不意味著 $L > 1$。

所以，JSON: [""在 'f(x) > L-1 > 0' 這一步，學生未明確陳述 $L > 1$，而 $L > 0$ 不能推出 $L - 1 > 0$""]

為了更嚴格。

在教學上，這是一個缺漏：學生沒有陳述 $L > 1$。

但學生說 ""because L > 0""，所以學生可能誤解了。

規則： ""由 $cv=0$ 推 $c=0$ 卻沒說 $v\ne0$""

這裡，類似：由 $f(x) > L - 1$ 推 $f(x) > 0$，但沒有說 $L - 1 > 0$。

所以，問題：學生由 $f(x) > L - 1$ 推出 $f(x) > 0$，但未證明 $L - 1 > 0$。

是的。

所以，問題：在步驟 ""f(x) > L-1 > 0"" 中，學生假設 $L - 1 > 0$ 但未證明此不等式成立，而 $L > 0$ 不足以保證 $L - 1 > 0$。

現在，寫成一句話。

用中文？不，題目是中文，但輸出是 JSON 字串，內容用英文？看規則。

規則說： ""每項用一句話精確說明""，但沒有指定語言。在上下文中，應該用中文，因為使用者是中文。

使用者消息是中文，但題目是數學。

在專案規格中： ""題目只寫「遞增／increasing」而未寫「嚴格／strictly」時，一律按**單調不減**理解。""

但審閱輸出是 JSON 字串。

在之前的例子，沒有指定語言，但既然是教學，可能用中文。

看用戶消息： ""使用者會給你：題目、正確的參考解、學生寫的草稿或嘗試。""

用戶是中文，所以輸出應該用中文。

在規則中： ""每項用一句話精確說明""

所以，我應該用中文寫。

例如： ""在步驟 'f(x) > L-1 > 0' 中，學生未證明 L-1 > 0，而 L > 0 不能保證 L-1 > 0。""

但要精確。

為了嚴格。

另一個問題：學生取 epsilon = 1，但 epsilon 的選擇應依賴於 L，而學生固定為 1，這可能導致證明不成立。

但學生的證明中，delta 依賴於 epsilon，但學生沒有考慮 L 的大小。

在審閱中，這可能是一個問題。

但主要問題是結論。

我認為對於這個草稿，最明顯的問題是學生沒有證明 L-1 > 0。

所以，我將列出一個問題。

但規則說 ""必須列出所有彼此獨立的根本問題""，所以如果只有一個，就一個。

在草稿中，學生說 ""L > 0"" 所以 L-1 > 0，但這錯誤，所以問題是：學生錯誤地從 L > 0 推出 L-1 > 0。

在教學上，這是一個缺漏：學生沒有陳述 L > 1。

所以，問題： ""學生在步驟 'f(x) > L-1 > 0' 中，錯誤地假設 L-1 > 0，而 L > 0 不足以推出此結論（例如當 L=0.5 時 L-1=-0.5<0）""

但要簡潔。

用 JSON: [""在 'f(x) > L-1 > 0' 這一步，學生未明確證明 L-1 > 0，而 L > 0 不能保證 L-1 > 0""]

是的。

現在，確認是否有其他問題。

學生說 ""there is delta > 0 such that 0 < |x-a| < delta implies |f(x)-L| < 1"" — 這步驟正確，因為極限定義允許任意 epsilon，所以對於 epsilon=1，存在 delta。

所以，沒有問題在這步。

問題只在結論步驟。

所以，只有一個問題。

但為了完整，學生的 epsilon 選擇不當，但這不是錯誤，因為在極限定義中，epsilon 可以是任意正數，但對於證明 f(x)>0，需要特定 epsilon。

在草稿中，學生使用 epsilon=1 來證明 f(x)>0，但這不正確，因為 epsilon=1 可能太大。

但問題在於學生的推理。

在審閱中，我認為主要問題是 L-1 > 0 未證明。

所以，我將輸出一個 JSON 項。

JSON: [""在步驟 'f(x) > L-1 > 0' 中，學生未證明 $L - 1 > 0$，而 $L > 0$ 不能保證此不等式成立""]

用中文。

在中文中： ""在步驟 'f(x) > L-1 > 0' 中，學生未證明 $L - 1 > 0$，而 $L > 0$ 不能保證此不等式成立""

但為了精確，用數學符號。

在 JSON 字串中，可以有 LaTeX。

但規則沒指定，但既然是數學，用 LaTeX。

在之前的例子，可能用 LaTeX。

我假設用 LaTeX。

現在，寫成 JSON 陣列。

如果沒有問題，輸出空陣列 []。

但這裡有問題。

所以， [""在步驟 'f(x) > L-1 > 0' 中，學生未證明 $L - 1 > 0$，而 $L > 0$ 不能保證此不等式成立""]

但要更嚴格。

學生說 ""L > 0"" 所以 L-1 > 0，但這錯誤，所以問題是：學生錯誤地從 L > 0 推出 L-1 > 0。

在教學上，這是一個缺漏：學生沒有陳述 L > 1。

所以，另一個表述： ""學生在步驟中假設 $L > 1$ 但未明確陳述""

但學生沒有說 L > 1，學生說 ""because L > 0""。

所以，問題： ""學生在 'f(x) > L-1 > 0' 這一步，錯誤地從 $L > 0$ 推出 $L - 1 > 0$，而 $L > 0$ 不足以推出 $L - 1 > 0$""

是的。

我決定用這個。

為了符合 ""嚴格的教學標準""，這是一個缺漏。

所以，JSON: [""在步驟 'f(x) > L-1 > 0' 中，學生未明確陳述 $L > 1$，而 $L > 0$ 不能保證 $L - 1 > 0$""]

在中文中。

使用者是中文，所以輸出用中文。

在規格中： ""題目只寫「遞增／increasing」而未寫「嚴格／strictly」時，一律按**單調不減**理解。"" 但這是針對題目，不是輸出。

我認為輸出用中文。

所以，我寫： [""在步驟 'f(x) > L-1 > 0' 中，學生未證明 $L - 1 > 0$，而 $L > 0$ 不能保證此不等式成立""]

但要精確。

用 ""缺了什麼""。

例如： ""缺了證明 $L - 1 > 0$""

但規則： ""在哪一步、缺了什麼或錯在哪""

所以， ""在哪一步""：在 ""f(x) > L-1 > 0"" 這一步

""缺了什麼""：未證明 $L - 1 > 0$

""錯在哪""：$L > 0$ 不足以推出 $L - 1 > 0$

所以，一句話： ""在 'f(x) > L-1 > 0' 這一步，學生未證明 $L - 1 > 0$，而 $L > 0$ 不能保證 $L - 1 > 0$""

在 JSON 字串中。

現在，確認是否有其他問題。

學生說 ""I use epsilon = 1""，但 epsilon 的選擇應依賴於 L，但學生沒有，這可能是一個問題。

例如，對於給定的 L，epsilon=1 可能不適合，但學生的證明中，delta 依賴於 epsilon，但學生沒有考慮 L。

在嚴格審閱中，這可能是一個獨立問題。

問題：學生固定 epsilon = 1，但 epsilon 的選擇應基於 L 以確保 L - epsilon > 0；這裡未說明 L > 1。

所以，另一個問題： ""學生取 epsilon = 1，但未驗證此選擇能保證 L - epsilon > 0；實際上，L - 1 可能為負""

但這可能被視為同一問題的一部分。

為了安全，我列出兩個問題。

1. 在步驟 ""f(x) > L-1 > 0"" 中，學生未證明 $L - 1 > 0$，而 $L > 0$ 不能保證此不等式成立。

2. 學生取 epsilon = 1，但 epsilon 的選擇應依賴於 L 以確保 L - epsilon > 0；這裡未說明 L > 1。

但問題 2 是問題 1 的原因。

在教學上，問題 1 是直接的缺漏。

我認為對於這個草稿，主要問題是問題 1。

在參考解中，epsilon 被選擇為 L/2，所以學生的 epsilon 選擇不當，但學生的錯誤在於結論。

我決定只有一個問題。

最終，輸出： [""在步驟 'f(x) > L-1 > 0' 中，學生未證明 $L - 1 > 0$，而 $L > 0$ 不能保證此不等式成立""]

用中文。

在 JSON 中，字串用雙引號。

所以， [""在步驟 'f(x) > L-1 > 0' 中，學生未證明 $L - 1 > 0$，而 $L > 0$ 不能保證此不等式成立""]

但要更精確，避免 ""此不等式""，因為是 L-1>0。

""學生未證明 $L - 1 > 0$，而 $L > 0$ 不能保證 $L - 1 > 0$""

是的。

在中文中，數學符號用 LaTeX。

現在，寫 JSON。

注意：在 JSON 中，字串需要轉義，但這裡用 LaTeX，應該沒問題。

例如， ""L - 1"" 用 $L - 1$。

在 LaTeX 中，數字和符號。

我認為可以。

所以，輸出： [""在步驟 'f(x) > L-1 > 0' 中，學生未證明 $L - 1 > 0$，而 $L > 0$ 不能保證 $L - 1 > 0$""]

但學生說 ""L-1 > 0""，在中文中，可能寫 ""L減1大於0""，但用 LaTeX 更好。

在數學上下文中，用 LaTeX 是標準。

所以，我這樣做。

為了嚴格，添加 ""例如當 $L = 0.5$ 時 $L - 1 = -0.5 < 0$"" 但規則說 ""精確說明""，可能不需要例子。

規則： ""每項用一句話精確說明""

所以，保持簡潔。

我認為這個句子是精確的。

所以，JSON 陣列： [""在步驟 'f(x) > L-1 > 0' 中，學生未證明 $L - 1 > 0$，而 $L > 0$ 不能保證 $L - 1 > 0$""]

在中文中。

確認中文： ""在步驟 'f(x) > L-1 > 0' 中"" — 這裡用中文引號。

在數學中，步驟描述。

""學生未證明 $L - 1 > 0$"" — 用 LaTeX。

""而 $L > 0$ 不能保證 $L - 1 > 0$"" — 用 LaTeX。

是的。

現在，輸出為 JSON 字串陣列。

所以， [""在步驟 'f(x) > L-1 > 0' 中，學生未證明 $L - 1 > 0$，而 $L > 0$ 不能保證 $L - 1 > 0$""]

但為了更準確，學生的步驟是 ""f(x) > L-1 > 0""，所以 ""L-1 > 0"" 是部分。

在中文中， ""L-1"" 可能寫成 ""L減1""，但用 LaTeX 通用。

我認為可以。

如果沒有問題，輸出 []，但這裡有問題。

所以，最終輸出。
[""在步驟 'f(x) > L-1 > 0' 中，學生未證明 $L - 1 > 0$，而 $L > 0$ 不能保證 $L - 1 > 0$""]",647,7585,0.363159525,46.708515455999986,False,True,True,1.0,"首先，我需要理解題目和學生的草稿。題目是：假設 $\lim_{x\to a} f(x)=L$ 且 $L>0$，用極限的定義證明 $f(x)>0$ 對所有足夠接近 $a$ 的 $x$ 成立。

參考解是：取 $\varepsilon = L/2 > 0$，然後存在 $\delta > 0$ 使得當 $0 < |x-a| < \delta$ 時，$|f(x) - L| < L/2$，因此 $f(x) > L - L/2 = L/2 > 0$。

學生的草稿：學生取 $\varepsilon = 1$，然後存在 $\delta > 0$ 使得當 $0 < |x-a| < \delta$ 時，$|f(x) - L| < 1$。然後說 $f(x) > L - 1 > 0$ 因為 $L > 0$。

我需要嚴格審閱學生的草稿，找出缺漏或錯誤。

關鍵點：學生取 $\varepsilon = 1$，但 $\varepsilon$ 的選擇必須依賴於 $L$，因為 $L > 0$ 但可能很小。例如，如果 $L = 0.1$，那麼取 $\varepsilon = 1$ 可能不夠小，導致 $|f(x) - L| < 1$ 時，$f(x)$ 可能為負。

在極限定義中，$\varepsilon$ 是任意正數，但學生固定 $\varepsilon = 1$，這可能不適用，因為對於給定的 $L$，如果 $L$ 很小，$\varepsilon = 1$ 可能太大，無法保證 $f(x) > 0$。

具體來說：學生說 $f(x) > L - 1$，但 $L - 1$ 可能為負（例如 $L = 0.5$，則 $L - 1 = -0.5 < 0$），所以 $f(x) > -0.5$ 不保證 $f(x) > 0$。

參考解中取 $\varepsilon = L/2$ 以確保 $L - \varepsilon > 0$，因為 $L > 0$。

學生的錯誤：學生沒有考慮 $L$ 的大小。取 $\varepsilon = 1$ 是不適切的，因為 $L$ 可能小於 1，導致 $L - 1 < 0$，因此 $f(x) > L - 1$ 不能推出 $f(x) > 0$。

另外，學生說 ""thus $f(x) > L - 1 > 0$""，但 $L - 1 > 0$ 只有當 $L > 1$ 時成立，而題目只給 $L > 0$，所以 $L - 1$ 可能不為正。

例如，假設 $L = 0.5$，則 $L - 1 = -0.5 < 0$，所以 $f(x) > -0.5$ 但不保證 $f(x) > 0$。實際上，如果 $f(x)$ 接近 $0.5$，但可能小於 0.5 但大於 0，但學生的結論 $f(x) > 0$ 不成立，因為 $f(x)$ 可能為負（例如，如果 $f(x) = -0.1$，但 $|f(x) - 0.5| = 0.6 < 1$，所以對於 $\varepsilon = 1$，$f(x)$ 可能為負）。

在極限定義中，對於 $\varepsilon = 1$，存在 $\delta$ 使得 $|f(x) - L| < 1$，但這不意味著 $f(x) > 0$，因為 $L$ 可能小於 1。

所以，學生的錯誤在於：取 $\varepsilon = 1$ 是不正確的，因為 $\varepsilon$ 需要選擇為 $L/2$ 以確保 $L - \varepsilon > 0$。

另外，學生說 ""L > 0"" 所以 $L - 1 > 0$，但這不成立，因為 $L - 1$ 可能為負。

具體缺漏：

1. 學生沒有證明 $L - 1 > 0$。題目只給 $L > 0$，但 $L - 1$ 可能為負（例如 $L = 0.5$）。

2. 學生取 $\varepsilon = 1$，但 $\varepsilon$ 的選擇應該依賴於 $L$，因為 $L$ 是固定的正數，但學生固定 $\varepsilon = 1$ 不考慮 $L$ 的大小。

在參考解中，$\varepsilon$ 被選擇為 $L/2$ 以確保 $L - \varepsilon > 0$。

學生的草稿中，步驟： ""I use epsilon = 1. Then there is delta > 0 such that 0 < |x-a| < delta implies |f(x)-L| < 1. Thus f(x) > L-1 > 0 because L > 0.""

問題：

- ""f(x) > L-1""：這正確，因為 $|f(x) - L| < 1$ 意味著 $L - 1 < f(x) < L + 1$。

- 但 ""L-1 > 0""：這不成立，因為 $L > 0$ 但 $L$ 可能小於 1。

所以，學生錯誤地假設 $L - 1 > 0$，但題目只給 $L > 0$，沒有保證 $L > 1$。

此外，學生沒有說明為什麼 $\varepsilon = 1$ 是合適的。在極限定義中，$\varepsilon$ 可以是任意正數，但這裡學生固定 $\varepsilon = 1$，這可能導致結論不成立，因為如果 $L$ 很小，$f(x)$ 可能為負。

在證明中，$\varepsilon$ 需要被選擇為一個小於 $L$ 的數（例如 $L/2$）以確保 $f(x) > 0$。

所以，根本問題：

1. 學生取 $\varepsilon = 1$，但沒有驗證這個 $\varepsilon$ 能保證 $L - \varepsilon > 0$。具體來說，$L - 1$ 可能為負，因此 $f(x) > L - 1$ 不足以推出 $f(x) > 0$。

2. 學生說 ""L > 0"" 所以 $L - 1 > 0$，但這不正確；$L > 0$ 不意味著 $L > 1$。

在教學標準下，這是一個缺漏：學生沒有說明 $L - 1 > 0$，而這對結論是必要的。

另外，學生的證明中，$\varepsilon$ 的選擇是固定的 1，但實際上 $\varepsilon$ 需要依賴於 $L$，所以學生的步驟不完整。

現在，列出所有獨立的問題：

- 在步驟 ""Thus f(x) > L-1 > 0"" 中，學生斷言 $L-1 > 0$，但題目只給 $L > 0$，沒有保證 $L > 1$。因此，缺漏：沒有證明 $L > 1$。

- 但學生說 ""because L > 0""，這暗示學生認為 $L > 0$ 意味著 $L - 1 > 0$，但這不成立。

所以，問題是：學生錯誤地假設 $L - 1 > 0$，而這不是由 $L > 0$ 直接推出的。

在嚴格教學標準下，這是一個缺漏：學生沒有陳述 $L > 1$ 或證明 $L - 1 > 0$。

此外，學生取 $\varepsilon = 1$ 是不適切的，因為對於給定的 $L$，如果 $L \leq 1$，$\varepsilon = 1$ 可能太大。但學生的證明中，$\delta$ 依賴於 $\varepsilon$，但學生沒有考慮 $L$ 的大小。

然而，在審閱中，我需要針對草稿的步驟。

草稿的步驟：

1. I use epsilon = 1. → 這裡，$\varepsilon$ 被固定為 1，但應該依賴於 $L$。

2. Then there is delta > 0 such that 0 < |x-a| < delta implies |f(x)-L| < 1. → 這步驟正確，因為極限定義允許任意 $\varepsilon$，所以對於 $\varepsilon = 1$，存在 $\delta$。

3. Thus f(x) > L-1 > 0 because L > 0. → 這裡，$f(x) > L-1$ 正確，但 $L-1 > 0$ 不正確，因為 $L > 0$ 不保證 $L > 1$。

所以，主要問題在第三步：學生斷言 $L-1 > 0$，但沒有證明它。

具體來說，學生說 ""L > 0"" 所以 $L-1 > 0$，但這邏輯錯誤。

在教學上，這是一個缺漏：學生沒有說明 $L > 1$ 或為什麼 $L-1 > 0$。

此外，學生的 $\varepsilon$ 選擇不當，但問題在於結論。

另一個角度：學生的證明可能對某些 $L > 1$ 成立，但題目要求對所有 $L > 0$ 成立，所以對於 $L \leq 1$，證明不成立。

例如，取 $L = 0.5$，$\varepsilon = 1$，則存在 $\delta$ 使得 $|f(x) - 0.5| < 1$，即 $-0.5 < f(x) < 1.5$。但 $f(x)$ 可能為負（例如 $f(x) = -0.1$），所以 $f(x) > 0$ 不成立。

因此，學生的證明有誤。

現在，用 JSON 格式輸出問題。

每項用一句話精確說明。

可能的問題：

1. 在步驟 ""f(x) > L-1 > 0"" 中，學生假設 $L-1 > 0$，但題目只給 $L > 0$，未保證 $L > 1$。

2. 學生取 $\varepsilon = 1$，但未驗證此 $\varepsilon$ 能確保 $L - \varepsilon > 0$；實際上，$L - 1$ 可能為負。

但問題 2 可能涵蓋在問題 1 中。

我需要獨立的問題。

規則：必須列出所有彼此獨立的根本問題。

所以：

- 問題 1：學生錯誤地斷言 $L - 1 > 0$，而 $L > 0$ 不足以推出此結論（例如 $L = 0.5$ 時 $L - 1 = -0.5 < 0$）。

- 問題 2：學生固定 $\varepsilon = 1$，但 $\varepsilon$ 的選擇應依賴於 $L$ 以確保 $L - \varepsilon > 0$；這裡未說明 $L > 1$。

但問題 2 可能重複。

在教學標準下，主要問題是學生沒有證明 $L - 1 > 0$。

另一個點：學生說 ""L > 0"" 所以 $L - 1 > 0$，但這邏輯錯誤，因為 $L > 0$ 不意味著 $L > 1$。

所以，精確說明：

- 在 ""f(x) > L-1 > 0"" 這一步，學生未證明 $L - 1 > 0$，而僅由 $L > 0$ 不能推出 $L - 1 > 0$。

此外，學生的 $\varepsilon$ 選擇不當，但問題在於結論。

參考解中，$\varepsilon$ 被選擇為 $L/2$ 以確保 $L - \varepsilon > 0$。

學生的草稿中，$\varepsilon = 1$ 未考慮 $L$ 的大小。

所以，獨立問題：

1. 學生取 $\varepsilon = 1$，但未驗證此 $\varepsilon$ 能保證 $L - \varepsilon > 0$；實際上，$L - 1$ 可能為負（例如 $L = 0.5$）。

2. 學生斷言 $L - 1 > 0$，但題目只給 $L > 0$，未保證 $L > 1$。

但問題 1 和 2 有重疊。

或許只有一個問題：學生錯誤地假設 $L - 1 > 0$。

在教學上，這是一個缺漏：學生沒有陳述 $L > 1$ 或證明 $L - 1 > 0$。

規則： ""某一步結論依賴的事實沒有明說——即使該事實顯然成立也算缺漏。""

這裡，結論 $f(x) > 0$ 依賴於 $L - 1 > 0$，但學生沒有明說 $L - 1 > 0$。

所以，問題：在步驟 ""f(x) > L-1 > 0"" 中，學生未明說 $L - 1 > 0$，而 $L > 0$ 不足以保證此不等式。

另外，學生的 $\varepsilon$ 選擇不當，但這可能被視為另一個問題。

但學生的草稿中，$\varepsilon$ 選擇是 ""I use epsilon = 1""，這本身可能不正確，因為 $\varepsilon$ 需要依賴於 $L$。

在極限定義中，$\varepsilon$ 可以是任意正數，但對於證明 $f(x) > 0$，$\varepsilon$ 必須選擇為小於 $L$ 的數。

所以，學生的 $\varepsilon$ 選擇是不適切的，因為它不依賴於 $L$。

但問題在於結論。

我認為主要問題是學生沒有證明 $L - 1 > 0$。

讓我寫出 JSON。

首先，問題：學生說 ""L > 0"" 所以 $L - 1 > 0$，但這不成立。

精確說明：在步驟 ""f(x) > L-1 > 0"" 中，學生假設 $L - 1 > 0$，但題目只給 $L > 0$，未保證 $L > 1$。

另一個問題：學生取 $\varepsilon = 1$，但對於給定的 $L$，如果 $L \leq 1$，此 $\varepsilon$ 可能導致 $f(x)$ 為負，但學生的證明中，$\delta$ 依賴於 $\varepsilon$，但學生沒有考慮 $L$ 的大小。

然而，在審閱中，我需要針對草稿的步驟。

草稿的步驟是： ""I use epsilon = 1. Then there is delta > 0 such that 0 < |x-a| < delta implies |f(x)-L| < 1. Thus f(x) > L-1 > 0 because L > 0.""

所以，問題在 ""Thus f(x) > L-1 > 0"" 這部分。

具體缺漏：

- 沒有證明 $L - 1 > 0$；學生只說 ""because L > 0""，但 $L > 0$ 不推出 $L - 1 > 0$。

- 也，學生的 $\varepsilon$ 選擇不當，但這可能被視為一個問題。

在教學標準下，這是一個缺漏：學生沒有陳述 $L > 1$。

此外，學生的證明可能對 $L > 1$ 成立，但題目要求對所有 $L > 0$ 成立，所以證明不完整。

但對於審閱，我需要指出錯誤。

我決定：主要問題是學生錯誤地斷言 $L - 1 > 0$。

用一句話：在步驟 ""f(x) > L-1 > 0"" 中，學生未明確證明 $L - 1 > 0$，而僅由 $L > 0$ 不能保證此不等式成立（例如當 $L = 0.5$ 時 $L - 1 = -0.5 < 0$）。

但規則說： ""每項用一句話精確說明：在哪一步、缺了什麼或錯在哪。""

所以，對於這個問題：在哪一步？在 ""Thus f(x) > L-1 > 0"" 這一步。

缺了什麼？學生未證明 $L - 1 > 0$，而 $L > 0$ 不足以推出 $L - 1 > 0$。

另一個獨立問題：學生取 $\varepsilon = 1$，但 $\varepsilon$ 的選擇應依賴於 $L$ 以確保 $L - \varepsilon > 0$；這裡未說明 $L > 1$。

但這可能是一個問題。

在參考解中，$\varepsilon$ 被選擇為 $L/2$，所以學生的 $\varepsilon = 1$ 是不適切的。

所以，問題：學生固定 $\varepsilon = 1$，但未驗證此選擇能保證 $f(x) > 0$；實際上，對於 $L \leq 1$，$f(x)$ 可能為負。

但學生的證明中，$\delta$ 依賴於 $\varepsilon$，但學生沒有考慮 $L$。

我認為有兩個問題：

1. 學生取 $\varepsilon = 1$，但未說明此 $\varepsilon$ 能確保 $L - \varepsilon > 0$；實際上，$L - 1$ 可能為負。

2. 學生斷言 $L - 1 > 0$，但題目只給 $L > 0$，未保證 $L > 1$。

但問題 2 是問題 1 的一部分。

為了安全，我列出一個問題。

規則： ""必須列出所有彼此獨立的根本問題""

在這個案例中，可能只有一個根本問題：學生沒有證明 $L - 1 > 0$。

例如，學生說 ""L > 0"" 所以 $L - 1 > 0$，但這邏輯錯誤。

所以，問題：在步驟 ""f(x) > L-1 > 0"" 中，學生錯誤地假設 $L - 1 > 0$，而 $L > 0$ 不足以推出此結論。

用 JSON: [""在步驟 'f(x) > L-1 > 0' 中，學生未證明 $L - 1 > 0$，而僅由 $L > 0$ 不能保證此不等式成立""]

但需要精確。

另一個點：學生的草稿中，有 ""Is this proof correct?"" 但這不是證明步驟，是學生的問題，但審閱是針對草稿。

草稿是 ""I use epsilon = 1. Then there is delta > 0 such that 0 < |x-a| < delta implies |f(x)-L| < 1. Thus f(x) > L-1 > 0 because L > 0.""

所以，問題在 ""Thus f(x) > L-1 > 0""。

我認為最直接的問題是：學生斷言 $L - 1 > 0$，但 $L > 0$ 不意味著 $L > 1$。

所以，JSON: [""在 'f(x) > L-1 > 0' 這一步，學生未明確陳述 $L > 1$，而 $L > 0$ 不能推出 $L - 1 > 0$""]

為了更嚴格。

在教學上，這是一個缺漏：學生沒有陳述 $L > 1$。

但學生說 ""because L > 0""，所以學生可能誤解了。

規則： ""由 $cv=0$ 推 $c=0$ 卻沒說 $v\ne0$""

這裡，類似：由 $f(x) > L - 1$ 推 $f(x) > 0$，但沒有說 $L - 1 > 0$。

所以，問題：學生由 $f(x) > L - 1$ 推出 $f(x) > 0$，但未證明 $L - 1 > 0$。

是的。

所以，問題：在步驟 ""f(x) > L-1 > 0"" 中，學生假設 $L - 1 > 0$ 但未證明此不等式成立，而 $L > 0$ 不足以保證 $L - 1 > 0$。

現在，寫成一句話。

用中文？不，題目是中文，但輸出是 JSON 字串，內容用英文？看規則。

規則說： ""每項用一句話精確說明""，但沒有指定語言。在上下文中，應該用中文，因為使用者是中文。

使用者消息是中文，但題目是數學。

在專案規格中： ""題目只寫「遞增／increasing」而未寫「嚴格／strictly」時，一律按**單調不減**理解。""

但審閱輸出是 JSON 字串。

在之前的例子，沒有指定語言，但既然是教學，可能用中文。

看用戶消息： ""使用者會給你：題目、正確的參考解、學生寫的草稿或嘗試。""

用戶是中文，所以輸出應該用中文。

在規則中： ""每項用一句話精確說明""

所以，我應該用中文寫。

例如： ""在步驟 'f(x) > L-1 > 0' 中，學生未證明 L-1 > 0，而 L > 0 不能保證 L-1 > 0。""

但要精確。

為了嚴格。

另一個問題：學生取 epsilon = 1，但 epsilon 的選擇應依賴於 L，而學生固定為 1，這可能導致證明不成立。

但學生的證明中，delta 依賴於 epsilon，但學生沒有考慮 L 的大小。

在審閱中，這可能是一個問題。

但主要問題是結論。

我認為對於這個草稿，最明顯的問題是學生沒有證明 L-1 > 0。

所以，我將列出一個問題。

但規則說 ""必須列出所有彼此獨立的根本問題""，所以如果只有一個，就一個。

在草稿中，學生說 ""L > 0"" 所以 L-1 > 0，但這錯誤，所以問題是：學生錯誤地從 L > 0 推出 L-1 > 0。

在教學上，這是一個缺漏：學生沒有陳述 L > 1。

所以，問題： ""學生在步驟 'f(x) > L-1 > 0' 中，錯誤地假設 L-1 > 0，而 L > 0 不足以推出此結論（例如當 L=0.5 時 L-1=-0.5<0）""

但要簡潔。

用 JSON: [""在 'f(x) > L-1 > 0' 這一步，學生未明確證明 L-1 > 0，而 L > 0 不能保證 L-1 > 0""]

是的。

現在，確認是否有其他問題。

學生說 ""there is delta > 0 such that 0 < |x-a| < delta implies |f(x)-L| < 1"" — 這步驟正確，因為極限定義允許任意 epsilon，所以對於 epsilon=1，存在 delta。

所以，沒有問題在這步。

問題只在結論步驟。

所以，只有一個問題。

但為了完整，學生的 epsilon 選擇不當，但這不是錯誤，因為在極限定義中，epsilon 可以是任意正數，但對於證明 f(x)>0，需要特定 epsilon。

在草稿中，學生使用 epsilon=1 來證明 f(x)>0，但這不正確，因為 epsilon=1 可能太大。

但問題在於學生的推理。

在審閱中，我認為主要問題是 L-1 > 0 未證明。

所以，我將輸出一個 JSON 項。

JSON: [""在步驟 'f(x) > L-1 > 0' 中，學生未證明 $L - 1 > 0$，而 $L > 0$ 不能保證此不等式成立""]

用中文。

在中文中： ""在步驟 'f(x) > L-1 > 0' 中，學生未證明 $L - 1 > 0$，而 $L > 0$ 不能保證此不等式成立""

但為了精確，用數學符號。

在 JSON 字串中，可以有 LaTeX。

但規則沒指定，但既然是數學，用 LaTeX。

在之前的例子，可能用 LaTeX。

我假設用 LaTeX。

現在，寫成 JSON 陣列。

如果沒有問題，輸出空陣列 []。

但這裡有問題。

所以， [""在步驟 'f(x) > L-1 > 0' 中，學生未證明 $L - 1 > 0$，而 $L > 0$ 不能保證此不等式成立""]

但要更嚴格。

學生說 ""L > 0"" 所以 L-1 > 0，但這錯誤，所以問題是：學生錯誤地從 L > 0 推出 L-1 > 0。

在教學上，這是一個缺漏：學生沒有陳述 L > 1。

所以，另一個表述： ""學生在步驟中假設 $L > 1$ 但未明確陳述""

但學生沒有說 L > 1，學生說 ""because L > 0""。

所以，問題： ""學生在 'f(x) > L-1 > 0' 這一步，錯誤地從 $L > 0$ 推出 $L - 1 > 0$，而 $L > 0$ 不足以推出 $L - 1 > 0$""

是的。

我決定用這個。

為了符合 ""嚴格的教學標準""，這是一個缺漏。

所以，JSON: [""在步驟 'f(x) > L-1 > 0' 中，學生未明確陳述 $L > 1$，而 $L > 0$ 不能保證 $L - 1 > 0$""]

在中文中。

使用者是中文，所以輸出用中文。

在規格中： ""題目只寫「遞增／increasing」而未寫「嚴格／strictly」時，一律按**單調不減**理解。"" 但這是針對題目，不是輸出。

我認為輸出用中文。

所以，我寫： [""在步驟 'f(x) > L-1 > 0' 中，學生未證明 $L - 1 > 0$，而 $L > 0$ 不能保證此不等式成立""]

但要精確。

用 ""缺了什麼""。

例如： ""缺了證明 $L - 1 > 0$""

但規則： ""在哪一步、缺了什麼或錯在哪""

所以， ""在哪一步""：在 ""f(x) > L-1 > 0"" 這一步

""缺了什麼""：未證明 $L - 1 > 0$

""錯在哪""：$L > 0$ 不足以推出 $L - 1 > 0$

所以，一句話： ""在 'f(x) > L-1 > 0' 這一步，學生未證明 $L - 1 > 0$，而 $L > 0$ 不能保證 $L - 1 > 0$""

在 JSON 字串中。

現在，確認是否有其他問題。

學生說 ""I use epsilon = 1""，但 epsilon 的選擇應依賴於 L，但學生沒有，這可能是一個問題。

例如，對於給定的 L，epsilon=1 可能不適合，但學生的證明中，delta 依賴於 epsilon，但學生沒有考慮 L。

在嚴格審閱中，這可能是一個獨立問題。

問題：學生固定 epsilon = 1，但 epsilon 的選擇應基於 L 以確保 L - epsilon > 0；這裡未說明 L > 1。

所以，另一個問題： ""學生取 epsilon = 1，但未驗證此選擇能保證 L - epsilon > 0；實際上，L - 1 可能為負""

但這可能被視為同一問題的一部分。

為了安全，我列出兩個問題。

1. 在步驟 ""f(x) > L-1 > 0"" 中，學生未證明 $L - 1 > 0$，而 $L > 0$ 不能保證此不等式成立。

2. 學生取 epsilon = 1，但 epsilon 的選擇應依賴於 L 以確保 L - epsilon > 0；這裡未說明 L > 1。

但問題 2 是問題 1 的原因。

在教學上，問題 1 是直接的缺漏。

我認為對於這個草稿，主要問題是問題 1。

在參考解中，epsilon 被選擇為 L/2，所以學生的 epsilon 選擇不當，但學生的錯誤在於結論。

我決定只有一個問題。

最終，輸出： [""在步驟 'f(x) > L-1 > 0' 中，學生未證明 $L - 1 > 0$，而 $L > 0$ 不能保證此不等式成立""]

用中文。

在 JSON 中，字串用雙引號。

所以， [""在步驟 'f(x) > L-1 > 0' 中，學生未證明 $L - 1 > 0$，而 $L > 0$ 不能保證此不等式成立""]

但要更精確，避免 ""此不等式""，因為是 L-1>0。

""學生未證明 $L - 1 > 0$，而 $L > 0$ 不能保證 $L - 1 > 0$""

是的。

在中文中，數學符號用 LaTeX。

現在，寫 JSON。

注意：在 JSON 中，字串需要轉義，但這裡用 LaTeX，應該沒問題。

例如， ""L - 1"" 用 $L - 1$。

在 LaTeX 中，數字和符號。

我認為可以。

所以，輸出： [""在步驟 'f(x) > L-1 > 0' 中，學生未證明 $L - 1 > 0$，而 $L > 0$ 不能保證 $L - 1 > 0$""]

但學生說 ""L-1 > 0""，在中文中，可能寫 ""L減1大於0""，但用 LaTeX 更好。

在數學上下文中，用 LaTeX 是標準。

所以，我這樣做。

為了嚴格，添加 ""例如當 $L = 0.5$ 時 $L - 1 = -0.5 < 0$"" 但規則說 ""精確說明""，可能不需要例子。

規則： ""每項用一句話精確說明""

所以，保持簡潔。

我認為這個句子是精確的。

所以，JSON 陣列： [""在步驟 'f(x) > L-1 > 0' 中，學生未證明 $L - 1 > 0$，而 $L > 0$ 不能保證 $L - 1 > 0$""]

在中文中。

確認中文： ""在步驟 'f(x) > L-1 > 0' 中"" — 這裡用中文引號。

在數學中，步驟描述。

""學生未證明 $L - 1 > 0$"" — 用 LaTeX。

""而 $L > 0$ 不能保證 $L - 1 > 0$"" — 用 LaTeX。

是的。

現在，輸出為 JSON 字串陣列。

所以， [""在步驟 'f(x) > L-1 > 0' 中，學生未證明 $L - 1 > 0$，而 $L > 0$ 不能保證 $L - 1 > 0$""]

但為了更準確，學生的步驟是 ""f(x) > L-1 > 0""，所以 ""L-1 > 0"" 是部分。

在中文中， ""L-1"" 可能寫成 ""L減1""，但用 LaTeX 通用。

我認為可以。

如果沒有問題，輸出 []，但這裡有問題。

所以，最終輸出。",stop,
Base-Thinking reviewer,N2,"['The student assumes that $A$ lies between $f(a)$ and $f(b)$ without justification, but the average value $A$ may not lie in $[f(a), f(b)]$ (e.g., for $f(x) = (x-1)^2$ on $[0,2]$).']",True,"[""The student assumes that $A$ lies between $f(a)$ and $f(b)$ without justification, but the average value $A$ may not lie in $[f(a), f(b)]$ (e.g., for $f(x) = (x-1)^2$ on $[0,2]$).""]","Okay, let's try to figure out what's wrong with the student's draft. The problem is to prove that if f is continuous on [a,b], then there's a c in (a,b) such that the integral from a to b of f(x) dx equals f(c)(b-a). The reference proof uses the Fundamental Theorem of Calculus and the Mean Value Theorem.

The student says they use the Intermediate Value Theorem (IVT). They define A as (1/(b-a)) times the integral. Then they claim that since f is continuous and A lies between f(a) and f(b), IVT gives c with f(c)=A. 

Wait, the IVT says that if a function is continuous on [a,b], then it takes all values between f(a) and f(b). But the student is assuming that A lies between f(a) and f(b). However, the integral of a continuous function on [a,b] doesn't necessarily have its average (which is A) between f(a) and f(b). For example, if f is a constant function, then A equals f(a) = f(b), so that's okay. But if f is not monotonic, maybe the average could be outside the range of f? Wait, no—actually, for continuous functions on a closed interval, the integral's average (the average value) must lie between the minimum and maximum of f on [a,b]. But the student is saying A lies between f(a) and f(b), which is not necessarily true. For example, take f(x) = x on [0,2]. Then the integral from 0 to 2 is 2, so A = 2/(2-0) = 1. f(0)=0, f(2)=2, so 1 is between 0 and 2. Another example: f(x) = -x on [0,2]. Integral is -2, A = -2/2 = -1. f(0)=0, f(2)=-2, so A=-1 is between them. Wait, but what if the function has a minimum and maximum outside f(a) and f(b)? Like f(x) = sin(x) on [0, 2π]. The integral is 0, so A=0/(2π) = 0. f(0)=0, f(2π)=0, so A is between them. Hmm, maybe in all cases the average value is between the min and max of f, but the student is specifically saying it's between f(a) and f(b). 

Wait, the problem here is that the student assumes A is between f(a) and f(b), but actually, the average value (A) is between the minimum and maximum of f on [a,b], not necessarily between f(a) and f(b). For example, take f(x) = 1 - x^2 on [-1, 1]. Then f(-1) = 0, f(1) = 0. The integral from -1 to 1 is 0, so A = 0/(2) = 0. So A is equal to f(a) and f(b) here. But another example: f(x) = x^2 on [0, 2]. f(0)=0, f(2)=4. The integral is (8/3), so A = (8/3)/2 = 4/3. Which is between 0 and 4. So in this case, it's between f(a) and f(b). Wait, but what if the function has a minimum inside the interval? Let's take f(x) = (x-1)^2 on [0,2]. Then f(0)=1, f(2)=1. The integral is ∫0^2 (x-1)^2 dx = [ (x-1)^3 /3 ] from 0 to 2 = (1/3 - (-1/3)) = 2/3. So A = (2/3)/2 = 1/3. Which is between f(0)=1 and f(2)=1? Wait, no, 1/3 is less than 1. So here, the average value is less than f(a) and f(b). So in this case, A is not between f(a) and f(b), but it's between the minimum and maximum of f on [a,b]. 

Ah, so the student's mistake is assuming that A lies between f(a) and f(b), but actually, it's between the min and max of f on [a,b], which could be outside f(a) and f(b). For example, in the function f(x) = (x-1)^2 on [0,2], the minimum is 0 at x=1, so the average value (1/3) is between 0 and 1 (the min and max). But f(a)=1 and f(b)=1, so A=1/3 is less than f(a) and f(b). Therefore, the student's step where they say ""A lies between f(a) and f(b)"" is incorrect. 

So the problem here is that the student incorrectly assumes that the average value A is between f(a) and f(b), but in reality, it's between the minimum and maximum of f on [a,b], which might not be f(a) or f(b). Therefore, applying IVT directly to f(a) and f(b) is wrong because A might not be in [f(a), f(b)].

Another point: the IVT requires that the function is continuous on [a,b], which it is, but the student is using it to say that since A is between f(a) and f(b), there's a c in (a,b) with f(c)=A. But if A is not between f(a) and f(b), then IVT doesn't apply. So the key error is the assumption that A lies between f(a) and f(b).

Also, the reference proof uses the Mean Value Theorem for integrals, which is a different approach. The student is trying to use IVT, but their reasoning is flawed because they assume A is between f(a) and f(b), which isn't necessarily true.

So the problem is: the student claims that A lies between f(a) and f(b), but this is not necessarily true. Therefore, the step where they state that A lies between f(a) and f(b) is incorrect.

Another possible issue: the student says ""the Intermediate Value Theorem gives c in (a,b) with f(c)=A"". But IVT requires that the function takes all values between f(a) and f(b). If A is not in [f(a), f(b)], then IVT doesn't apply. So the student's argument is invalid because they assume A is between f(a) and f(b), which may not hold.

So the main error is the assumption that A lies between f(a) and f(b). The student didn't justify why A is between f(a) and f(b). The correct statement is that A is between the minimum and maximum of f on [a,b], but the student incorrectly restricts it to f(a) and f(b).

Therefore, the JSON should list this error: the student assumes A lies between f(a) and f(b) without justification, but A may not be in that interval.

Wait, the problem says ""each item must be a sentence that precisely states where the step is wrong"". So the error is in the step where the student says ""A lies between f(a) and f(b)"".

So the answer would be: ""The student assumes that $A$ lies between $f(a)$ and $f(b)$ without justification, but the average value $A$ may not lie in $[f(a), f(b)]$ (e.g., for $f(x) = (x-1)^2$ on $[0,2]$).""

But the problem says to output a JSON array of strings. Let me check if there are other errors.

Wait, the student says ""I use the Intermediate Value Theorem as follows. Let A=(1/(b-a)) integral_a^b f(x) dx. Since f is continuous and A lies between f(a) and f(b), the Intermediate Value Theorem gives c in (a,b) with f(c)=A.""

So the error is that they state ""A lies between f(a) and f(b)"" as a fact, but they don't prove it. So the problem is that they didn't justify why A is between f(a) and f(b). The reference proof uses MVT for integrals, which is different.

Another angle: the IVT applies to the interval [a,b], so if A is between the min and max of f on [a,b], then there exists c in [a,b] with f(c)=A. But the student is incorrectly assuming A is between f(a) and f(b), which is not necessarily true.

So the specific error is that the student claims A lies between f(a) and f(b) without showing it's true. The problem is that this step is missing justification.

So the JSON array should have one entry: a sentence pointing out that the student assumes A is between f(a) and f(b) without justification, and that this may not hold.

Let me check if there's another error. For example, the student says ""the Intermediate Value Theorem gives c in (a,b)"". But IVT gives c in [a,b], but since f is continuous on [a,b], and if A is equal to f(a) or f(b), then c could be at the endpoints. However, the problem requires c in (a,b), so if A equals f(a) or f(b), then c might be at the endpoints. But the student says c in (a,b), which is correct if A is strictly between f(a) and f(b), but the problem is that the student's assumption that A is between f(a) and f(b) is wrong.

Wait, the problem states that the student's draft says ""c in (a,b)"", which is correct if the IVT gives an interior point. But the main issue is the assumption about A's position.

So the primary error is the incorrect assumption that A lies between f(a) and f(b).

Another possible error: the student uses IVT, but the correct theorem for this is the Mean Value Theorem for integrals, which is a different result. However, the problem here is that the student's approach is flawed because of the assumption about A's position.

So the answer is a JSON array with one string: the error in assuming A is between f(a) and f(b).

Let me phrase it precisely: ""The student assumes that $A$ lies between $f(a)$ and $f(b)$ without justification, but the average value $A$ may not lie in $[f(a), f(b)]$ (e.g., for $f(x) = (x-1)^2$ on $[0,2]$).""

But the problem says ""each item must be a sentence that precisely states where the step is wrong"". So the step is ""Since f is continuous and A lies between f(a) and f(b)"" — the student didn't justify why A lies between f(a) and f(b).

Yes, so the error is that they state A lies between f(a) and f(b) without proving it.

So the JSON array should be [""The student assumes that $A$ lies between $f(a)$ and $f(b)$ without justification, but the average value $A$ may not lie in $[f(a), f(b)]$ (e.g., for $f(x) = (x-1)^2$ on $[0,2]$).""]

Wait, but the problem says ""only output the required JSON string array"". Let me check if there's another error.

Wait, the student says ""the Intermediate Value Theorem gives c in (a,b)"". But IVT gives c in [a,b], so if A equals f(a), then c could be a. But the problem requires c in (a,b). However, the student's example might not have that issue, but the main problem is the assumption about A's position.

The problem states that the student's draft is: ""I use the Intermediate Value Theorem as follows. Let A=(1/(b-a)) integral_a^b f(x) dx. Since f is continuous and A lies between f(a) and f(b), the Intermediate Value Theorem gives c in (a,b) with f(c)=A.""

So the key error is the phrase ""A lies between f(a) and f(b)"" — they state it as a fact without proof. So the problem is that they didn't justify why A is between f(a) and f(b).

Yes, that's the main error.

So the answer is a JSON array with one string.

I think that's the only error here. Let me confirm with the example I thought of: f(x) = (x-1)^2 on [0,2]. Then f(0)=1, f(2)=1. The integral is ∫0^2 (x-1)^2 dx = [ (x-1)^3 /3 ] from 0 to 2 = (1/3 - (-1/3)) = 2/3. So A = (2/3)/(2-0) = 1/3. So A=1/3 is less than f(a)=1 and f(b)=1. So A is not between f(a) and f(b) (since f(a)=f(b)=1, the interval is [1,1], so A=1/3 is not in that interval). Therefore, the student's assumption is wrong.

So the error is that the student assumes A lies between f(a) and f(b) without justification.

Therefore, the JSON array is [""The student assumes that $A$ lies between $f(a)$ and $f(b)$ without justification, but the average value $A$ may not lie in $[f(a), f(b)]$ (e.g., for $f(x) = (x-1)^2$ on $[0,2]$).""]

Wait, but the problem says ""each item must be a sentence that precisely states where the step is wrong"". So the step is ""A lies between f(a) and f(b)"".

Yes, that's the error.

I think that's the only error here. The student didn't prove that A is between f(a) and f(b), so that's the problem.
[""The student assumes that $A$ lies between $f(a)$ and $f(b)$ without justification, but the average value $A$ may not lie in $[f(a), f(b)]$ (e.g., for $f(x) = (x-1)^2$ on $[0,2]$).""]",1383,11333,0.313601123,70.85014134899984,False,True,True,2.0,"Okay, let's try to figure out what's wrong with the student's draft. The problem is to prove that if f is continuous on [a,b], then there's a c in (a,b) such that the integral from a to b of f(x) dx equals f(c)(b-a). The reference proof uses the Fundamental Theorem of Calculus and the Mean Value Theorem.

The student says they use the Intermediate Value Theorem (IVT). They define A as (1/(b-a)) times the integral. Then they claim that since f is continuous and A lies between f(a) and f(b), IVT gives c with f(c)=A. 

Wait, the IVT says that if a function is continuous on [a,b], then it takes all values between f(a) and f(b). But the student is assuming that A lies between f(a) and f(b). However, the integral of a continuous function on [a,b] doesn't necessarily have its average (which is A) between f(a) and f(b). For example, if f is a constant function, then A equals f(a) = f(b), so that's okay. But if f is not monotonic, maybe the average could be outside the range of f? Wait, no—actually, for continuous functions on a closed interval, the integral's average (the average value) must lie between the minimum and maximum of f on [a,b]. But the student is saying A lies between f(a) and f(b), which is not necessarily true. For example, take f(x) = x on [0,2]. Then the integral from 0 to 2 is 2, so A = 2/(2-0) = 1. f(0)=0, f(2)=2, so 1 is between 0 and 2. Another example: f(x) = -x on [0,2]. Integral is -2, A = -2/2 = -1. f(0)=0, f(2)=-2, so A=-1 is between them. Wait, but what if the function has a minimum and maximum outside f(a) and f(b)? Like f(x) = sin(x) on [0, 2π]. The integral is 0, so A=0/(2π) = 0. f(0)=0, f(2π)=0, so A is between them. Hmm, maybe in all cases the average value is between the min and max of f, but the student is specifically saying it's between f(a) and f(b). 

Wait, the problem here is that the student assumes A is between f(a) and f(b), but actually, the average value (A) is between the minimum and maximum of f on [a,b], not necessarily between f(a) and f(b). For example, take f(x) = 1 - x^2 on [-1, 1]. Then f(-1) = 0, f(1) = 0. The integral from -1 to 1 is 0, so A = 0/(2) = 0. So A is equal to f(a) and f(b) here. But another example: f(x) = x^2 on [0, 2]. f(0)=0, f(2)=4. The integral is (8/3), so A = (8/3)/2 = 4/3. Which is between 0 and 4. So in this case, it's between f(a) and f(b). Wait, but what if the function has a minimum inside the interval? Let's take f(x) = (x-1)^2 on [0,2]. Then f(0)=1, f(2)=1. The integral is ∫0^2 (x-1)^2 dx = [ (x-1)^3 /3 ] from 0 to 2 = (1/3 - (-1/3)) = 2/3. So A = (2/3)/2 = 1/3. Which is between f(0)=1 and f(2)=1? Wait, no, 1/3 is less than 1. So here, the average value is less than f(a) and f(b). So in this case, A is not between f(a) and f(b), but it's between the minimum and maximum of f on [a,b]. 

Ah, so the student's mistake is assuming that A lies between f(a) and f(b), but actually, it's between the min and max of f on [a,b], which could be outside f(a) and f(b). For example, in the function f(x) = (x-1)^2 on [0,2], the minimum is 0 at x=1, so the average value (1/3) is between 0 and 1 (the min and max). But f(a)=1 and f(b)=1, so A=1/3 is less than f(a) and f(b). Therefore, the student's step where they say ""A lies between f(a) and f(b)"" is incorrect. 

So the problem here is that the student incorrectly assumes that the average value A is between f(a) and f(b), but in reality, it's between the minimum and maximum of f on [a,b], which might not be f(a) or f(b). Therefore, applying IVT directly to f(a) and f(b) is wrong because A might not be in [f(a), f(b)].

Another point: the IVT requires that the function is continuous on [a,b], which it is, but the student is using it to say that since A is between f(a) and f(b), there's a c in (a,b) with f(c)=A. But if A is not between f(a) and f(b), then IVT doesn't apply. So the key error is the assumption that A lies between f(a) and f(b).

Also, the reference proof uses the Mean Value Theorem for integrals, which is a different approach. The student is trying to use IVT, but their reasoning is flawed because they assume A is between f(a) and f(b), which isn't necessarily true.

So the problem is: the student claims that A lies between f(a) and f(b), but this is not necessarily true. Therefore, the step where they state that A lies between f(a) and f(b) is incorrect.

Another possible issue: the student says ""the Intermediate Value Theorem gives c in (a,b) with f(c)=A"". But IVT requires that the function takes all values between f(a) and f(b). If A is not in [f(a), f(b)], then IVT doesn't apply. So the student's argument is invalid because they assume A is between f(a) and f(b), which may not hold.

So the main error is the assumption that A lies between f(a) and f(b). The student didn't justify why A is between f(a) and f(b). The correct statement is that A is between the minimum and maximum of f on [a,b], but the student incorrectly restricts it to f(a) and f(b).

Therefore, the JSON should list this error: the student assumes A lies between f(a) and f(b) without justification, but A may not be in that interval.

Wait, the problem says ""each item must be a sentence that precisely states where the step is wrong"". So the error is in the step where the student says ""A lies between f(a) and f(b)"".

So the answer would be: ""The student assumes that $A$ lies between $f(a)$ and $f(b)$ without justification, but the average value $A$ may not lie in $[f(a), f(b)]$ (e.g., for $f(x) = (x-1)^2$ on $[0,2]$).""

But the problem says to output a JSON array of strings. Let me check if there are other errors.

Wait, the student says ""I use the Intermediate Value Theorem as follows. Let A=(1/(b-a)) integral_a^b f(x) dx. Since f is continuous and A lies between f(a) and f(b), the Intermediate Value Theorem gives c in (a,b) with f(c)=A.""

So the error is that they state ""A lies between f(a) and f(b)"" as a fact, but they don't prove it. So the problem is that they didn't justify why A is between f(a) and f(b). The reference proof uses MVT for integrals, which is different.

Another angle: the IVT applies to the interval [a,b], so if A is between the min and max of f on [a,b], then there exists c in [a,b] with f(c)=A. But the student is incorrectly assuming A is between f(a) and f(b), which is not necessarily true.

So the specific error is that the student claims A lies between f(a) and f(b) without showing it's true. The problem is that this step is missing justification.

So the JSON array should have one entry: a sentence pointing out that the student assumes A is between f(a) and f(b) without justification, and that this may not hold.

Let me check if there's another error. For example, the student says ""the Intermediate Value Theorem gives c in (a,b)"". But IVT gives c in [a,b], but since f is continuous on [a,b], and if A is equal to f(a) or f(b), then c could be at the endpoints. However, the problem requires c in (a,b), so if A equals f(a) or f(b), then c might be at the endpoints. But the student says c in (a,b), which is correct if A is strictly between f(a) and f(b), but the problem is that the student's assumption that A is between f(a) and f(b) is wrong.

Wait, the problem states that the student's draft says ""c in (a,b)"", which is correct if the IVT gives an interior point. But the main issue is the assumption about A's position.

So the primary error is the incorrect assumption that A lies between f(a) and f(b).

Another possible error: the student uses IVT, but the correct theorem for this is the Mean Value Theorem for integrals, which is a different result. However, the problem here is that the student's approach is flawed because of the assumption about A's position.

So the answer is a JSON array with one string: the error in assuming A is between f(a) and f(b).

Let me phrase it precisely: ""The student assumes that $A$ lies between $f(a)$ and $f(b)$ without justification, but the average value $A$ may not lie in $[f(a), f(b)]$ (e.g., for $f(x) = (x-1)^2$ on $[0,2]$).""

But the problem says ""each item must be a sentence that precisely states where the step is wrong"". So the step is ""Since f is continuous and A lies between f(a) and f(b)"" — the student didn't justify why A lies between f(a) and f(b).

Yes, so the error is that they state A lies between f(a) and f(b) without proving it.

So the JSON array should be [""The student assumes that $A$ lies between $f(a)$ and $f(b)$ without justification, but the average value $A$ may not lie in $[f(a), f(b)]$ (e.g., for $f(x) = (x-1)^2$ on $[0,2]$).""]

Wait, but the problem says ""only output the required JSON string array"". Let me check if there's another error.

Wait, the student says ""the Intermediate Value Theorem gives c in (a,b)"". But IVT gives c in [a,b], so if A equals f(a), then c could be a. But the problem requires c in (a,b). However, the student's example might not have that issue, but the main problem is the assumption about A's position.

The problem states that the student's draft is: ""I use the Intermediate Value Theorem as follows. Let A=(1/(b-a)) integral_a^b f(x) dx. Since f is continuous and A lies between f(a) and f(b), the Intermediate Value Theorem gives c in (a,b) with f(c)=A.""

So the key error is the phrase ""A lies between f(a) and f(b)"" — they state it as a fact without proof. So the problem is that they didn't justify why A is between f(a) and f(b).

Yes, that's the main error.

So the answer is a JSON array with one string.

I think that's the only error here. Let me confirm with the example I thought of: f(x) = (x-1)^2 on [0,2]. Then f(0)=1, f(2)=1. The integral is ∫0^2 (x-1)^2 dx = [ (x-1)^3 /3 ] from 0 to 2 = (1/3 - (-1/3)) = 2/3. So A = (2/3)/(2-0) = 1/3. So A=1/3 is less than f(a)=1 and f(b)=1. So A is not between f(a) and f(b) (since f(a)=f(b)=1, the interval is [1,1], so A=1/3 is not in that interval). Therefore, the student's assumption is wrong.

So the error is that the student assumes A lies between f(a) and f(b) without justification.

Therefore, the JSON array is [""The student assumes that $A$ lies between $f(a)$ and $f(b)$ without justification, but the average value $A$ may not lie in $[f(a), f(b)]$ (e.g., for $f(x) = (x-1)^2$ on $[0,2]$).""]

Wait, but the problem says ""each item must be a sentence that precisely states where the step is wrong"". So the step is ""A lies between f(a) and f(b)"".

Yes, that's the error.

I think that's the only error here. The student didn't prove that A is between f(a) and f(b), so that's the problem.",stop,
Base-Thinking reviewer,N3,"[""在步驟 'since f(0)=f(2), we have g(0)=g(1)' 中，錯誤地斷言 g(0) 等於 g(1)，而實際上 g(0) = f(0) - f(1) 且 g(1) = f(1) - f(2) = f(1) - f(0) = - (f(0) - f(1)) = -g(0)，因此 g(0) = -g(1)""]",False,"[""在步驟 'since f(0)=f(2), we have g(0)=g(1)' 中，錯誤地斷言 g(0) 等於 g(1)，而實際上 g(0) = f(0) - f(1) 且 g(1) = f(1) - f(2) = f(1) - f(0) = - (f(0) - f(1)) = -g(0)，因此 g(0) = -g(1)""]","首先，我需要仔細對照學生的草稿和參考解，找出可能的錯誤或缺漏。題目是：Let $f$ be continuous on $[0,2]$ and suppose that $f(0)=f(2)$. Prove that there exists $c\in[0,1]$ such that $f(c)=f(c+1)$.

參考解的步驟：
1. 定義 $g(x) = f(x) - f(x+1)$ for $x \in [0,1]$.
2. $g$ 是連續的（因為 $f$ 連續）。
3. $g(0) = f(0) - f(1)$
4. $g(1) = f(1) - f(2) = f(1) - f(0) = -g(0)$（因為 $f(0)=f(2)$）
5. 如果 $g(0)=0$，則 $c=0$ 滿足條件。
6. 如果 $g(1)=0$，則 $c=1$ 滿足條件。
7. 否則，$g(0)$ 和 $g(1)$ 符號相反（因為 $g(1) = -g(0)$），所以 IVT 保證存在 $c \in (0,1)$ 使得 $g(c)=0$。

學生的草稿：
- 定義 $g(x) = f(x) - f(x+1)$.
- 因為 $f(0)=f(2)$，所以 $g(0) = g(1)$.
- 由 IVT，$g(c)=0$ for some $c \in [0,1]$.
- 因此 $f(c)=f(c+1)$.

現在，分析學生的錯誤：

1. **學生說 $g(0) = g(1)$**：讓我們計算 $g(0)$ 和 $g(1)$。
   - $g(0) = f(0) - f(1)$
   - $g(1) = f(1) - f(2)$
   - 但題目給 $f(0) = f(2)$，所以 $g(1) = f(1) - f(0)$
   - 因此 $g(0) = f(0) - f(1) = - (f(1) - f(0)) = - g(1)$
   - 所以 $g(0) = - g(1)$，而不是 $g(0) = g(1)$。學生錯誤地說 $g(0) = g(1)$。

2. **學生直接應用 IVT**：學生說 ""by the Intermediate Value Theorem, g(c)=0 for some c in [0,1]""。但 IVT 要求函數在區間上連續，且端點值有相反符號（或一端為零）。這裡，學生沒有檢查 $g(0)$ 和 $g(1)$ 的關係。參考解中，$g(1) = -g(0)$，所以如果 $g(0) \neq 0$，則 $g(0)$ 和 $g(1)$ 符號相反。但學生說 $g(0) = g(1)$，這意味著如果 $g(0) \neq 0$，則 $g(0) = g(1) \neq 0$，所以它們有相同符號（除非為零），但 IVT 需要相反符號才能保證零點。如果 $g(0) = g(1) \neq 0$，則 IVT 不適用，因為沒有相反符號。

   例如，假設 $f(x) = \cos(\pi x)$，在 [0,2] 上連續，$f(0) = \cos(0) = 1$，$f(2) = \cos(2\pi) = 1$，所以 $f(0)=f(2)$。定義 $g(x) = f(x) - f(x+1) = \cos(\pi x) - \cos(\pi(x+1)) = \cos(\pi x) - \cos(\pi x + \pi) = \cos(\pi x) - (-\cos(\pi x)) = 2\cos(\pi x)$。所以 $g(x) = 2\cos(\pi x)$ for $x \in [0,1]$。

   - $g(0) = 2\cos(0) = 2$
   - $g(1) = 2\cos(\pi) = -2$
   - 所以 $g(0) = 2$, $g(1) = -2$，確實 $g(0) = -g(1)$，不是 $g(0) = g(1)$。

   如果學生說 $g(0) = g(1)$，但在這個例子中 $g(0) = 2$, $g(1) = -2$，不相等。所以學生的假設 $g(0) = g(1)$ 是錯誤的。

   但學生的草稿中說 ""since f(0)=f(2), we have g(0)=g(1)""。這明顯錯誤，因為 $g(0) = f(0) - f(1)$, $g(1) = f(1) - f(2) = f(1) - f(0) = - (f(0) - f(1)) = -g(0)$，所以 $g(0) = -g(1)$，不是 $g(0) = g(1)$。

3. **IVT 應用錯誤**：學生直接說由 IVT 有 $g(c)=0$ for some $c \in [0,1]$。但 IVT 要求函數在 [0,1] 上連續（這有），且 $g(0)$ 和 $g(1)$ 有相反符號（或一端為零）。但學生錯誤地認為 $g(0) = g(1)$，所以如果 $g(0) \neq 0$，則 $g(0) = g(1) \neq 0$，這意味著它們有相同符號（除非為零），但 IVT 需要相反符號才能保證零點。例如，如果 $g(0) = g(1) = 5$，則 IVT 不保證零點。在參考解中，因為 $g(1) = -g(0)$，所以如果 $g(0) \neq 0$，則符號相反。

   學生的錯誤在於假設 $g(0) = g(1)$，這導致了錯誤的結論。

4. **其他可能問題**：學生說 ""g(c)=0 for some c in [0,1]""，但參考解中，當 $g(0)=0$ 或 $g(1)=0$ 時，c 可以是端點；否則 c 在 (0,1)。學生沒有區分這些情況，但主要問題是 $g(0) \neq g(1)$。

關鍵錯誤：學生錯誤地斷言 $g(0) = g(1)$，而實際上 $g(0) = -g(1)$。

在教學標準下，這是一個明顯的數學錯誤：斷言不成立（$g(0) = g(1)$ 是假的）。

另外，學生直接應用 IVT 沒有驗證前提。IVT 需要端點值有相反符號（或一端為零），但學生沒有檢查 $g(0)$ 和 $g(1)$ 的關係。在學生的邏輯中，因為他們假設 $g(0)=g(1)$，但這假設是錯的，所以整個推理崩壞。

具體來說，學生的步驟：
- 步驟1: 定義 g(x) = f(x) - f(x+1) — 這正確。
- 步驟2: ""Since f(0)=f(2), we have g(0)=g(1)"" — 這錯誤。正確應是 g(0) = -g(1)。
- 步驟3: ""By the Intermediate Value Theorem, g(c)=0 for some c in [0,1]"" — 但 IVT 應用需要 g(0) 和 g(1) 有相反符號（或一端為零），但學生的假設 g(0)=g(1) 意味著如果 g(0) ≠ 0，則 g(0) 和 g(1) 有相同符號（非相反），所以 IVT 不適用。此外，即使 g(0)=g(1)，也不保證零點（除非 g(0)=0）。

所以，根本問題：
1. 學生錯誤地斷言 $g(0) = g(1)$，而實際上 $g(0) = -g(1)$。
2. 由於這個錯誤，學生錯誤地應用 IVT，沒有驗證 IVT 的前提（即 g(0) 和 g(1) 有相反符號）。

在教學標準下，這些都需要指出。

規則：每項用一句話精確說明在哪一步、缺了什麼或錯在哪。

- 第一個問題：在學生說 ""since f(0)=f(2), we have g(0)=g(1)"" 這一步，錯誤地斷言 g(0) = g(1)，而實際上 g(0) = f(0) - f(1), g(1) = f(1) - f(2) = f(1) - f(0) = - (f(0) - f(1)) = -g(0)，所以 g(0) = -g(1)，不是 g(0) = g(1)。

- 第二個問題：在學生說 ""by the Intermediate Value Theorem, g(c)=0 for some c in [0,1]"" 這一步，沒有驗證 IVT 的前提。IVT 要求 g 在 [0,1] 上連續（這有），且 g(0) 和 g(1) 有相反符號（或一端為零）。但學生的假設 g(0)=g(1) 意味著如果 g(0) ≠ 0，則 g(0) 和 g(1) 有相同符號（非相反），所以 IVT 不適用。此外，即使 g(0)=g(1)，也不保證存在零點（例如，g(x)=1 for all x）。

但學生的錯誤在於假設 g(0)=g(1)，所以這個問題是衍生的。我需要找出獨立的根本問題。

根據規則：必須列出所有彼此獨立的根本問題。

可能的獨立問題：
1. 學生錯誤地計算 g(0) 和 g(1)：具體來說，學生說 g(0) = g(1)，但正確是 g(0) = -g(1)。這是一個數學錯誤：斷言不成立。
2. 學生應用 IVT 時，沒有檢查 g(0) 和 g(1) 的關係。但由於他們錯誤地認為 g(0)=g(1)，這個問題依賴於第一個錯誤。然而，在教學上，即使學生知道 g(0) 和 g(1) 的關係，但沒有正確應用 IVT，也可能有問題。但這裡，學生的錯誤是從第一步就出錯了。

在參考解中，IVT 應用是基於 g(1) = -g(0)，所以有相反符號。學生沒有這個關係。

另一個角度：學生說 ""by IVT, g(c)=0""，但 IVT 要求函數在區間上連續（有），且端點值有相反符號。學生沒有提供任何理由為什麼 g(0) 和 g(1) 有相反符號。在學生的草稿中，他們假設 g(0)=g(1)，但這不導致相反符號，所以 IVT 沒有被正確應用。

但問題是，學生的草稿中，這個錯誤是根本的。

我認為主要問題是：學生錯誤地斷言 g(0) = g(1)。

在教學標準下，這是一個明顯的缺漏：學生沒有正確計算 g(0) 和 g(1)。

具體來說：在步驟 ""since f(0)=f(2), we have g(0)=g(1)""，學生錯了，因為 g(0) = f(0) - f(1), g(1) = f(1) - f(2) = f(1) - f(0) = - (f(0) - f(1)) = -g(0)，所以 g(0) = -g(1)，不是 g(0) = g(1)。

此外，學生直接應用 IVT 沒有驗證前提，但這依賴於第一個錯誤。然而，為了嚴格，我應該指出：在 IVT 應用時，學生沒有陳述 g(0) 和 g(1) 有相反符號（或一端為零）。

但學生的草稿中，他們說 ""g(0)=g(1)""，所以如果 g(0)=g(1) ≠ 0，則沒有相反符號，IVT 不適用。

所以，獨立問題：
- 問題1: 學生錯誤地斷言 g(0) = g(1)，而實際上 g(0) = -g(1)。
- 問題2: 學生應用 IVT 時，沒有驗證 IVT 的前提（即 g(0) 和 g(1) 有相反符號），因為他們的假設 g(0)=g(1) 意味著如果 g(0) ≠ 0，則 g(0) 和 g(1) 有相同符號（非相反）。

但問題2 依賴於問題1。在教學上，我們可能需要指出：即使學生知道 g(0) 和 g(1) 的關係，但沒有正確應用 IVT。

然而，根據規則，必須是彼此獨立的根本問題。

另一個點：學生說 ""g(c)=0 for some c in [0,1]""，但參考解中，c 可以是 0 或 1，但學生說 ""c in [0,1]""，這沒問題，因為 [0,1] 包含端點。

但主要問題是 g(0) 和 g(1) 的關係。

讓我寫出精確的問題：

1. 在學生的草稿中，步驟 ""since f(0)=f(2), we have g(0)=g(1)"" 這一步，錯誤地斷言 g(0) 等於 g(1)，而實際上 g(0) = f(0) - f(1) 且 g(1) = f(1) - f(2) = f(1) - f(0) = - (f(0) - f(1)) = -g(0)，因此 g(0) = -g(1)，不是 g(0) = g(1)。

2. 在學生的草稿中，步驟 ""by the Intermediate Value Theorem, g(c)=0 for some c in [0,1]"" 這一步，沒有驗證 IVT 的前提。IVT 要求 g(0) 和 g(1) 有相反符號（或一端為零），但學生的假設 g(0) = g(1) 意味著如果 g(0) ≠ 0，則 g(0) 和 g(1) 有相同符號（非相反），因此 IVT 不適用於此情況。

但問題2 依賴於問題1。我需要確保問題是獨立的。

或許在教學上，學生應該先正確計算 g(0) 和 g(1)，然後應用 IVT。但這裡，學生的錯誤是從開始就錯了。

另一個想法：學生可能誤解了 g(1) 的定義。g(x) 定義在 [0,1]，所以 g(1) = f(1) - f(2)，這正確。但 f(2) 是定義在 [0,2] 上，所以 f(2) 是有義的。

在題目中，f 是 continuous on [0,2]，所以 f(2) 是定義的。

所以，沒有問題。

我認為最關鍵的問題是學生錯誤地說 g(0) = g(1)。

此外，學生沒有考慮到 g(0) 和 g(1) 的關係是 g(0) = -g(1)，所以 IVT 應用需要這個關係。

在參考解中，IVT 應用是基於 g(1) = -g(0)，所以有相反符號。

學生的草稿中，他們說 g(0) = g(1)，這導致了錯誤。

所以，我會列出：
- 一個問題：學生錯誤地斷言 g(0) = g(1)，而實際上 g(0) = -g(1)。
- 另一個問題：學生應用 IVT 時，沒有陳述 g(0) 和 g(1) 有相反符號（或一端為零），因為他們的假設 g(0)=g(1) 不提供這個。

但為了嚴格，我應該只列出一個問題？規則說 ""必須列出所有彼此獨立的根本問題""，所以如果只有一個，就只有一個。

讓我檢查是否有其他問題。

學生說 ""g(c)=0 for some c in [0,1]""，但參考解中，c 在 [0,1]，這沒問題。學生沒有說 c 在 (0,1) 或什麼，但題目要求 c in [0,1]，所以沒問題。

另外，IVT 應用：g 是 continuous on [0,1]，這有，因為 f continuous on [0,2]，所以 f(x) and f(x+1) are continuous on [0,1] (since x+1 in [1,2] subset of [0,2]), so g continuous.

學生沒有錯誤在這裡。

所以，主要問題是 g(0) 和 g(1) 的關係。

在教學標準下，學生必須明確 g(0) 和 g(1) 的關係，而不是假設它等於。

具體來說，學生的錯誤是：在步驟 ""since f(0)=f(2), we have g(0)=g(1)""，這斷言不成立。

此外，由於這個錯誤，IVT 應用不正確。

但對於問題列表，我會寫：

[""在步驟 'since f(0)=f(2), we have g(0)=g(1)' 中，錯誤地斷言 g(0) 等於 g(1)，而實際上 g(0) = f(0) - f(1) 且 g(1) = f(1) - f(2) = f(1) - f(0) = - (f(0) - f(1)) = -g(0)，因此 g(0) = -g(1)""]

這是一個問題。

另一個問題：在 IVT 應用時，學生沒有驗證 g(0) 和 g(1) 有相反符號。但由於學生的假設是 g(0)=g(1)，這不成立，所以或許這個問題是衍生的。然而，根據規則，如果某個步驟依賴的事實沒有明說，就算缺漏。

例如，IVT 應用需要 g(0) 和 g(1) 有相反符號，但學生沒有陳述這個。在學生的草稿中，他們說 g(0)=g(1)，所以他們沒有陳述有相反符號。

但問題是，學生的草稿中，他們假設 g(0)=g(1)，所以他們可能誤解了。

為了安全，我會列出兩個問題，但確保它們是獨立的。

問題1: 學生錯誤地計算 g(0) 和 g(1) 的關係。

問題2: 學生應用 IVT 時，沒有提供 g(0) 和 g(1) 有相反符號的依據（因為他們的假設 g(0)=g(1) 不提供這個）。

但問題2 依賴於問題1。

在教學上，我們可以說：學生沒有正確陳述 g(0) 和 g(1) 的關係，導致 IVT 應用不當。

但規則要求 ""彼此獨立的根本問題""。

或許只有一個根本問題：學生的斷言 g(0)=g(1) 是錯誤的。

因為如果學生正確地知道 g(0) = -g(1)，那麼 IVT 應用是正確的（因為 g(1) = -g(0)，所以如果 g(0) ≠ 0，則 g(0) 和 g(1) 符號相反）。

所以，主要問題是 g(0) = g(1) 的斷言錯誤。

此外，學生說 ""Is this correct?"" 但我們要找草稿的缺漏。

在草稿中，學生寫 ""g(0)=g(1)""，這錯。

另一個點：學生說 ""by IVT""，但 IVT 需要函數在區間上連續，這有，但端點值需要有相反符號。學生沒有說明為什麼有相反符號。

在參考解中，有明確的陳述：g(1) = -g(0)，所以有相反符號。

學生沒有這個。

所以，獨立問題：學生沒有陳述 g(0) 和 g(1) 有相反符號（或一端為零）。

但學生的草稿中，他們說 g(0)=g(1)，所以他們可能以為有，但實際上沒有。

我決定列出兩個問題：

1. 在步驟 ""since f(0)=f(2), we have g(0)=g(1)"" 中，錯誤地斷言 g(0) 等於 g(1)，而實際上 g(0) = -g(1)。

2. 在步驟 ""by the Intermediate Value Theorem, g(c)=0 for some c in [0,1]"" 中，沒有驗證 IVT 的前提（即 g(0) 和 g(1) 有相反符號），因為學生的假設 g(0)=g(1) 意味著如果 g(0) ≠ 0，則 g(0) 和 g(1) 有相同符號（非相反）。

但問題2 依賴於問題1。然而，在教學上，我們可以視為獨立，因為如果學生正確計算 g(0) 和 g(1)，他們可能還會忘記陳述有相反符號，但這裡學生的錯誤是從開始就錯了。

為了符合規則，我會只列出一個問題：學生錯誤地斷言 g(0) = g(1)。

因為這是根本錯誤，導致整個推理崩壞。

在參考解中，IVT 應用是基於 g(1) = -g(0)，所以有相反符號。

學生的草稿中，他們說 g(0)=g(1)，這不成立。

此外，學生沒有提到 g(0) 和 g(1) 的關係是 g(0) = -g(1)，所以他們可能誤解了。

我認為最安全的輸出是：[""在步驟 'since f(0)=f(2), we have g(0)=g(1)' 中，錯誤地斷言 g(0) 等於 g(1)，而實際上 g(0) = f(0) - f(1) 且 g(1) = f(1) - f(2) = f(1) - f(0) = - (f(0) - f(1)) = -g(0)，因此 g(0) = -g(1)""]

這是一個問題。

是否有其他問題？例如，學生說 ""g(c)=0 for some c in [0,1]""，但參考解中，當 g(0)=0 或 g(1)=0 時，c 可以是端點，但學生說 ""c in [0,1]""，這沒問題。IVT 保證 c 在 [0,1]，因為 g continuous on [0,1]。

所以，沒有其他問題。

學生的草稿中，他們說 ""Is this correct?"" 但我們要找草稿的缺漏，不是評論。

所以，我認為只有一個根本問題。

但規則說 ""必須列出所有彼此獨立的根本問題""，所以如果只有一個，就只有一個。

在教學上，學生可能還沒有考慮到 g(0) 和 g(1) 的關係，但這裡是明確的錯誤。

另一個點：學生說 ""g(x)=f(x)-f(x+1)""，但 x in [0,1]，所以 x+1 in [1,2]，f is continuous on [0,2]，所以 f(x+1) is defined and continuous, so g is continuous on [0,1]. 這沒問題。

所以，沒有其他錯誤。

因此，我會輸出一個 JSON 字串陣列，包含一個元素。

精確的句子：在學生的草稿中，步驟 ""since f(0)=f(2), we have g(0)=g(1)"" 這一步，錯誤地斷言 g(0) 等於 g(1)，而實際上 g(0) = f(0) - f(1) 且 g(1) = f(1) - f(2) = f(1) - f(0) = - (f(0) - f(1)) = -g(0)，因此 g(0) = -g(1)。

為了簡潔，但規則說 ""精確說明""。

在 JSON 中，是字串。

所以，我寫：[""在步驟 'since f(0)=f(2), we have g(0)=g(1)' 中，錯誤地斷言 g(0) 等於 g(1)，而實際上 g(0) = -g(1)""]

但為了更精確，我應該寫完整。

規則：每項用一句話精確說明：在哪一步、缺了什麼或錯在哪。

所以，""在哪一步""：在學生說 ""since f(0)=f(2), we have g(0)=g(1)"" 這一步

""缺了什麼或錯在哪""：錯誤地斷言 g(0) 等於 g(1)，而實際上 g(0) = -g(1)

在中文中，但問題是用中文嗎？用戶是中文，但輸出是 JSON 字串，內容用中文？看規則：用戶用中文寫問題，但輸出是 JSON 字串，內容應該是中文？不，規則說 ""每項用一句話""，但沒有指定語言。用戶的訊息是中文，但輸出是 JSON 字串，內容用中文？在示例中，沒有指定。

看用戶的訊息：是中文，但任務描述是中文。在輸出中，我應該用中文，因為是教學標準。

在規則中： ""每項用一句話精確說明""，在中文上下文。

例如，用戶說 ""數學系課程""，所以用中文。

在之前的思考，我用中文寫。

所以，我會用中文。

精確的句子：在學生草稿中「since f(0)=f(2), we have g(0)=g(1)」這一步，錯誤地斷言 g(0) 等於 g(1)，而實際上 g(0) = f(0) - f(1) 且 g(1) = f(1) - f(2) = f(1) - f(0) = - (f(0) - f(1)) = -g(0)，因此 g(0) = -g(1)。

但為了簡潔，可以寫：在步驟「since f(0)=f(2), we have g(0)=g(1)」中，錯誤地斷言 g(0) = g(1)，而實際上 g(0) = -g(1)。

是的。

現在，是否有第二個問題？例如，學生應用 IVT 時，沒有說明 g(0) 和 g(1) 有相反符號。

但由於學生的假設是 g(0)=g(1)，這不成立，所以如果他們正確知道 g(0) = -g(1)，那麼 IVT 應用是正確的，但他們沒有陳述有相反符號。

在參考解中，IVT 應用時，明確說 ""g(0) and g(1) have opposite signs""。

學生沒有這個。

所以，另一個問題：在步驟 ""by the Intermediate Value Theorem, g(c)=0 for some c in [0,1]"" 中，沒有陳述 g(0) 和 g(1) 有相反符號（或一端為零）。

但學生的草稿中，他們說 g(0)=g(1)，所以他們可能以為有，但實際上沒有。

在教學上，這是一個缺漏：套用 IVT 但沒有陳述前提。

例如，例：由 $cv=0$ 推 $c=0$ 卻沒說 $v\ne0$。

這裡，學生套用 IVT 但沒有陳述 g(0) 和 g(1) 有相反符號。

但學生的草稿中，他們假設 g(0)=g(1)，所以他們可能誤解了。

為了嚴格，我會列出兩個問題：

1. 在步驟 ""since f(0)=f(2), we have g(0)=g(1)"" 中，錯誤地斷言 g(0) 等於 g(1)，而實際上 g(0) = -g(1)。

2. 在步驟 ""by the Intermediate Value Theorem, g(c)=0 for some c in [0,1]"" 中，沒有驗證 IVT 的前提（即 g(0) 和 g(1) 有相反符號），因為學生的假設 g(0)=g(1) 不保證有相反符號。

但問題2 依賴於問題1。

在教學標準下，學生應該先正確計算 g(0) 和 g(1) 的關係，然後應用 IVT。

所以，我認為問題1 是根本的，問題2 是衍生的，但規則要求 ""彼此獨立""，所以可能只有一個。

我決定只列出問題1，因為它是直接錯誤。

在參考解中，IVT 應用是基於 g(1) = -g(0)，所以有相反符號。

學生沒有這個關係。

但學生的錯誤是從第一步就錯了。

我查一下是否有標準答案。

在許多類似問題中，學生常犯的錯誤是混淆 g(0) 和 g(1)。

例如，g(0) = f(0) - f(1), g(1) = f(1) - f(2), and f(0)=f(2), so g(1) = f(1) - f(0) = - (f(0) - f(1)) = -g(0).

所以，學生說 g(0)=g(1) 是錯誤的。

此外，IVT 應用需要 g(0) 和 g(1) 有相反符號，但學生沒有提供這個。

但既然學生的假設是 g(0)=g(1)，這不成立，所以 IVT 應用不正確。

為了安全，我會輸出一個問題。

最終決定： [""在步驟 'since f(0)=f(2), we have g(0)=g(1)' 中，錯誤地斷言 g(0) 等於 g(1)，而實際上 g(0) = -g(1)""]

用中文。

在 JSON 中。

所以，字串： ""在步驟 'since f(0)=f(2), we have g(0)=g(1)' 中，錯誤地斷言 g(0) 等於 g(1)，而實際上 g(0) = -g(1)""

為了更精確，我寫： ""在學生草稿中 'since f(0)=f(2), we have g(0)=g(1)' 這一步，錯誤地斷言 g(0) 等於 g(1)，而實際上 g(0) = f(0) - f(1) 且 g(1) = f(1) - f(2) = f(1) - f(0) = - (f(0) - f(1)) = -g(0)，因此 g(0) = -g(1)""

但可能太長。規則說 ""精確""，但不要過長。

在教學中，通常簡潔。

我會寫： ""在步驟 'since f(0)=f(2), we have g(0)=g(1)' 中，錯誤地斷言 g(0) = g(1)，而實際上 g(0) = -g(1)""

是的。

現在，輸出 JSON: [""在步驟 'since f(0)=f(2), we have g(0)=g(1)' 中，錯誤地斷言 g(0) = g(1)，而實際上 g(0) = -g(1)""]

但為了確保，我檢查是否有第二個問題。

例如，學生說 ""g(c)=0 for some c in [0,1]""，但 IVT 保證 c 在 [0,1]，這沒問題。在參考解中，c 可以是 0 或 1，但學生說 [0,1]，這沒問題。

所以，沒有其他問題。

因此，只有一個問題。

輸出應該是 JSON 字串陣列。

所以， [""在步驟 'since f(0)=f(2), we have g(0)=g(1)' 中，錯誤地斷言 g(0) = g(1)，而實際上 g(0) = -g(1)""]

在中文中，用引號。

在 JSON 中，字串用雙引號。

但用戶是中文，所以用中文。

我認為這是正確的。
[""在步驟 'since f(0)=f(2), we have g(0)=g(1)' 中，錯誤地斷言 g(0) 等於 g(1)，而實際上 g(0) = f(0) - f(1) 且 g(1) = f(1) - f(2) = f(1) - f(0) = - (f(0) - f(1)) = -g(0)，因此 g(0) = -g(1)""]",720,7813,0.340212356,48.39867041000002,False,True,False,1.0,"首先，我需要仔細對照學生的草稿和參考解，找出可能的錯誤或缺漏。題目是：Let $f$ be continuous on $[0,2]$ and suppose that $f(0)=f(2)$. Prove that there exists $c\in[0,1]$ such that $f(c)=f(c+1)$.

參考解的步驟：
1. 定義 $g(x) = f(x) - f(x+1)$ for $x \in [0,1]$.
2. $g$ 是連續的（因為 $f$ 連續）。
3. $g(0) = f(0) - f(1)$
4. $g(1) = f(1) - f(2) = f(1) - f(0) = -g(0)$（因為 $f(0)=f(2)$）
5. 如果 $g(0)=0$，則 $c=0$ 滿足條件。
6. 如果 $g(1)=0$，則 $c=1$ 滿足條件。
7. 否則，$g(0)$ 和 $g(1)$ 符號相反（因為 $g(1) = -g(0)$），所以 IVT 保證存在 $c \in (0,1)$ 使得 $g(c)=0$。

學生的草稿：
- 定義 $g(x) = f(x) - f(x+1)$.
- 因為 $f(0)=f(2)$，所以 $g(0) = g(1)$.
- 由 IVT，$g(c)=0$ for some $c \in [0,1]$.
- 因此 $f(c)=f(c+1)$.

現在，分析學生的錯誤：

1. **學生說 $g(0) = g(1)$**：讓我們計算 $g(0)$ 和 $g(1)$。
   - $g(0) = f(0) - f(1)$
   - $g(1) = f(1) - f(2)$
   - 但題目給 $f(0) = f(2)$，所以 $g(1) = f(1) - f(0)$
   - 因此 $g(0) = f(0) - f(1) = - (f(1) - f(0)) = - g(1)$
   - 所以 $g(0) = - g(1)$，而不是 $g(0) = g(1)$。學生錯誤地說 $g(0) = g(1)$。

2. **學生直接應用 IVT**：學生說 ""by the Intermediate Value Theorem, g(c)=0 for some c in [0,1]""。但 IVT 要求函數在區間上連續，且端點值有相反符號（或一端為零）。這裡，學生沒有檢查 $g(0)$ 和 $g(1)$ 的關係。參考解中，$g(1) = -g(0)$，所以如果 $g(0) \neq 0$，則 $g(0)$ 和 $g(1)$ 符號相反。但學生說 $g(0) = g(1)$，這意味著如果 $g(0) \neq 0$，則 $g(0) = g(1) \neq 0$，所以它們有相同符號（除非為零），但 IVT 需要相反符號才能保證零點。如果 $g(0) = g(1) \neq 0$，則 IVT 不適用，因為沒有相反符號。

   例如，假設 $f(x) = \cos(\pi x)$，在 [0,2] 上連續，$f(0) = \cos(0) = 1$，$f(2) = \cos(2\pi) = 1$，所以 $f(0)=f(2)$。定義 $g(x) = f(x) - f(x+1) = \cos(\pi x) - \cos(\pi(x+1)) = \cos(\pi x) - \cos(\pi x + \pi) = \cos(\pi x) - (-\cos(\pi x)) = 2\cos(\pi x)$。所以 $g(x) = 2\cos(\pi x)$ for $x \in [0,1]$。

   - $g(0) = 2\cos(0) = 2$
   - $g(1) = 2\cos(\pi) = -2$
   - 所以 $g(0) = 2$, $g(1) = -2$，確實 $g(0) = -g(1)$，不是 $g(0) = g(1)$。

   如果學生說 $g(0) = g(1)$，但在這個例子中 $g(0) = 2$, $g(1) = -2$，不相等。所以學生的假設 $g(0) = g(1)$ 是錯誤的。

   但學生的草稿中說 ""since f(0)=f(2), we have g(0)=g(1)""。這明顯錯誤，因為 $g(0) = f(0) - f(1)$, $g(1) = f(1) - f(2) = f(1) - f(0) = - (f(0) - f(1)) = -g(0)$，所以 $g(0) = -g(1)$，不是 $g(0) = g(1)$。

3. **IVT 應用錯誤**：學生直接說由 IVT 有 $g(c)=0$ for some $c \in [0,1]$。但 IVT 要求函數在 [0,1] 上連續（這有），且 $g(0)$ 和 $g(1)$ 有相反符號（或一端為零）。但學生錯誤地認為 $g(0) = g(1)$，所以如果 $g(0) \neq 0$，則 $g(0) = g(1) \neq 0$，這意味著它們有相同符號（除非為零），但 IVT 需要相反符號才能保證零點。例如，如果 $g(0) = g(1) = 5$，則 IVT 不保證零點。在參考解中，因為 $g(1) = -g(0)$，所以如果 $g(0) \neq 0$，則符號相反。

   學生的錯誤在於假設 $g(0) = g(1)$，這導致了錯誤的結論。

4. **其他可能問題**：學生說 ""g(c)=0 for some c in [0,1]""，但參考解中，當 $g(0)=0$ 或 $g(1)=0$ 時，c 可以是端點；否則 c 在 (0,1)。學生沒有區分這些情況，但主要問題是 $g(0) \neq g(1)$。

關鍵錯誤：學生錯誤地斷言 $g(0) = g(1)$，而實際上 $g(0) = -g(1)$。

在教學標準下，這是一個明顯的數學錯誤：斷言不成立（$g(0) = g(1)$ 是假的）。

另外，學生直接應用 IVT 沒有驗證前提。IVT 需要端點值有相反符號（或一端為零），但學生沒有檢查 $g(0)$ 和 $g(1)$ 的關係。在學生的邏輯中，因為他們假設 $g(0)=g(1)$，但這假設是錯的，所以整個推理崩壞。

具體來說，學生的步驟：
- 步驟1: 定義 g(x) = f(x) - f(x+1) — 這正確。
- 步驟2: ""Since f(0)=f(2), we have g(0)=g(1)"" — 這錯誤。正確應是 g(0) = -g(1)。
- 步驟3: ""By the Intermediate Value Theorem, g(c)=0 for some c in [0,1]"" — 但 IVT 應用需要 g(0) 和 g(1) 有相反符號（或一端為零），但學生的假設 g(0)=g(1) 意味著如果 g(0) ≠ 0，則 g(0) 和 g(1) 有相同符號（非相反），所以 IVT 不適用。此外，即使 g(0)=g(1)，也不保證零點（除非 g(0)=0）。

所以，根本問題：
1. 學生錯誤地斷言 $g(0) = g(1)$，而實際上 $g(0) = -g(1)$。
2. 由於這個錯誤，學生錯誤地應用 IVT，沒有驗證 IVT 的前提（即 g(0) 和 g(1) 有相反符號）。

在教學標準下，這些都需要指出。

規則：每項用一句話精確說明在哪一步、缺了什麼或錯在哪。

- 第一個問題：在學生說 ""since f(0)=f(2), we have g(0)=g(1)"" 這一步，錯誤地斷言 g(0) = g(1)，而實際上 g(0) = f(0) - f(1), g(1) = f(1) - f(2) = f(1) - f(0) = - (f(0) - f(1)) = -g(0)，所以 g(0) = -g(1)，不是 g(0) = g(1)。

- 第二個問題：在學生說 ""by the Intermediate Value Theorem, g(c)=0 for some c in [0,1]"" 這一步，沒有驗證 IVT 的前提。IVT 要求 g 在 [0,1] 上連續（這有），且 g(0) 和 g(1) 有相反符號（或一端為零）。但學生的假設 g(0)=g(1) 意味著如果 g(0) ≠ 0，則 g(0) 和 g(1) 有相同符號（非相反），所以 IVT 不適用。此外，即使 g(0)=g(1)，也不保證存在零點（例如，g(x)=1 for all x）。

但學生的錯誤在於假設 g(0)=g(1)，所以這個問題是衍生的。我需要找出獨立的根本問題。

根據規則：必須列出所有彼此獨立的根本問題。

可能的獨立問題：
1. 學生錯誤地計算 g(0) 和 g(1)：具體來說，學生說 g(0) = g(1)，但正確是 g(0) = -g(1)。這是一個數學錯誤：斷言不成立。
2. 學生應用 IVT 時，沒有檢查 g(0) 和 g(1) 的關係。但由於他們錯誤地認為 g(0)=g(1)，這個問題依賴於第一個錯誤。然而，在教學上，即使學生知道 g(0) 和 g(1) 的關係，但沒有正確應用 IVT，也可能有問題。但這裡，學生的錯誤是從第一步就出錯了。

在參考解中，IVT 應用是基於 g(1) = -g(0)，所以有相反符號。學生沒有這個關係。

另一個角度：學生說 ""by IVT, g(c)=0""，但 IVT 要求函數在區間上連續（有），且端點值有相反符號。學生沒有提供任何理由為什麼 g(0) 和 g(1) 有相反符號。在學生的草稿中，他們假設 g(0)=g(1)，但這不導致相反符號，所以 IVT 沒有被正確應用。

但問題是，學生的草稿中，這個錯誤是根本的。

我認為主要問題是：學生錯誤地斷言 g(0) = g(1)。

在教學標準下，這是一個明顯的缺漏：學生沒有正確計算 g(0) 和 g(1)。

具體來說：在步驟 ""since f(0)=f(2), we have g(0)=g(1)""，學生錯了，因為 g(0) = f(0) - f(1), g(1) = f(1) - f(2) = f(1) - f(0) = - (f(0) - f(1)) = -g(0)，所以 g(0) = -g(1)，不是 g(0) = g(1)。

此外，學生直接應用 IVT 沒有驗證前提，但這依賴於第一個錯誤。然而，為了嚴格，我應該指出：在 IVT 應用時，學生沒有陳述 g(0) 和 g(1) 有相反符號（或一端為零）。

但學生的草稿中，他們說 ""g(0)=g(1)""，所以如果 g(0)=g(1) ≠ 0，則沒有相反符號，IVT 不適用。

所以，獨立問題：
- 問題1: 學生錯誤地斷言 g(0) = g(1)，而實際上 g(0) = -g(1)。
- 問題2: 學生應用 IVT 時，沒有驗證 IVT 的前提（即 g(0) 和 g(1) 有相反符號），因為他們的假設 g(0)=g(1) 意味著如果 g(0) ≠ 0，則 g(0) 和 g(1) 有相同符號（非相反）。

但問題2 依賴於問題1。在教學上，我們可能需要指出：即使學生知道 g(0) 和 g(1) 的關係，但沒有正確應用 IVT。

然而，根據規則，必須是彼此獨立的根本問題。

另一個點：學生說 ""g(c)=0 for some c in [0,1]""，但參考解中，c 可以是 0 或 1，但學生說 ""c in [0,1]""，這沒問題，因為 [0,1] 包含端點。

但主要問題是 g(0) 和 g(1) 的關係。

讓我寫出精確的問題：

1. 在學生的草稿中，步驟 ""since f(0)=f(2), we have g(0)=g(1)"" 這一步，錯誤地斷言 g(0) 等於 g(1)，而實際上 g(0) = f(0) - f(1) 且 g(1) = f(1) - f(2) = f(1) - f(0) = - (f(0) - f(1)) = -g(0)，因此 g(0) = -g(1)，不是 g(0) = g(1)。

2. 在學生的草稿中，步驟 ""by the Intermediate Value Theorem, g(c)=0 for some c in [0,1]"" 這一步，沒有驗證 IVT 的前提。IVT 要求 g(0) 和 g(1) 有相反符號（或一端為零），但學生的假設 g(0) = g(1) 意味著如果 g(0) ≠ 0，則 g(0) 和 g(1) 有相同符號（非相反），因此 IVT 不適用於此情況。

但問題2 依賴於問題1。我需要確保問題是獨立的。

或許在教學上，學生應該先正確計算 g(0) 和 g(1)，然後應用 IVT。但這裡，學生的錯誤是從開始就錯了。

另一個想法：學生可能誤解了 g(1) 的定義。g(x) 定義在 [0,1]，所以 g(1) = f(1) - f(2)，這正確。但 f(2) 是定義在 [0,2] 上，所以 f(2) 是有義的。

在題目中，f 是 continuous on [0,2]，所以 f(2) 是定義的。

所以，沒有問題。

我認為最關鍵的問題是學生錯誤地說 g(0) = g(1)。

此外，學生沒有考慮到 g(0) 和 g(1) 的關係是 g(0) = -g(1)，所以 IVT 應用需要這個關係。

在參考解中，IVT 應用是基於 g(1) = -g(0)，所以有相反符號。

學生的草稿中，他們說 g(0) = g(1)，這導致了錯誤。

所以，我會列出：
- 一個問題：學生錯誤地斷言 g(0) = g(1)，而實際上 g(0) = -g(1)。
- 另一個問題：學生應用 IVT 時，沒有陳述 g(0) 和 g(1) 有相反符號（或一端為零），因為他們的假設 g(0)=g(1) 不提供這個。

但為了嚴格，我應該只列出一個問題？規則說 ""必須列出所有彼此獨立的根本問題""，所以如果只有一個，就只有一個。

讓我檢查是否有其他問題。

學生說 ""g(c)=0 for some c in [0,1]""，但參考解中，c 在 [0,1]，這沒問題。學生沒有說 c 在 (0,1) 或什麼，但題目要求 c in [0,1]，所以沒問題。

另外，IVT 應用：g 是 continuous on [0,1]，這有，因為 f continuous on [0,2]，所以 f(x) and f(x+1) are continuous on [0,1] (since x+1 in [1,2] subset of [0,2]), so g continuous.

學生沒有錯誤在這裡。

所以，主要問題是 g(0) 和 g(1) 的關係。

在教學標準下，學生必須明確 g(0) 和 g(1) 的關係，而不是假設它等於。

具體來說，學生的錯誤是：在步驟 ""since f(0)=f(2), we have g(0)=g(1)""，這斷言不成立。

此外，由於這個錯誤，IVT 應用不正確。

但對於問題列表，我會寫：

[""在步驟 'since f(0)=f(2), we have g(0)=g(1)' 中，錯誤地斷言 g(0) 等於 g(1)，而實際上 g(0) = f(0) - f(1) 且 g(1) = f(1) - f(2) = f(1) - f(0) = - (f(0) - f(1)) = -g(0)，因此 g(0) = -g(1)""]

這是一個問題。

另一個問題：在 IVT 應用時，學生沒有驗證 g(0) 和 g(1) 有相反符號。但由於學生的假設是 g(0)=g(1)，這不成立，所以或許這個問題是衍生的。然而，根據規則，如果某個步驟依賴的事實沒有明說，就算缺漏。

例如，IVT 應用需要 g(0) 和 g(1) 有相反符號，但學生沒有陳述這個。在學生的草稿中，他們說 g(0)=g(1)，所以他們沒有陳述有相反符號。

但問題是，學生的草稿中，他們假設 g(0)=g(1)，所以他們可能誤解了。

為了安全，我會列出兩個問題，但確保它們是獨立的。

問題1: 學生錯誤地計算 g(0) 和 g(1) 的關係。

問題2: 學生應用 IVT 時，沒有提供 g(0) 和 g(1) 有相反符號的依據（因為他們的假設 g(0)=g(1) 不提供這個）。

但問題2 依賴於問題1。

在教學上，我們可以說：學生沒有正確陳述 g(0) 和 g(1) 的關係，導致 IVT 應用不當。

但規則要求 ""彼此獨立的根本問題""。

或許只有一個根本問題：學生的斷言 g(0)=g(1) 是錯誤的。

因為如果學生正確地知道 g(0) = -g(1)，那麼 IVT 應用是正確的（因為 g(1) = -g(0)，所以如果 g(0) ≠ 0，則 g(0) 和 g(1) 符號相反）。

所以，主要問題是 g(0) = g(1) 的斷言錯誤。

此外，學生說 ""Is this correct?"" 但我們要找草稿的缺漏。

在草稿中，學生寫 ""g(0)=g(1)""，這錯。

另一個點：學生說 ""by IVT""，但 IVT 需要函數在區間上連續，這有，但端點值需要有相反符號。學生沒有說明為什麼有相反符號。

在參考解中，有明確的陳述：g(1) = -g(0)，所以有相反符號。

學生沒有這個。

所以，獨立問題：學生沒有陳述 g(0) 和 g(1) 有相反符號（或一端為零）。

但學生的草稿中，他們說 g(0)=g(1)，所以他們可能以為有，但實際上沒有。

我決定列出兩個問題：

1. 在步驟 ""since f(0)=f(2), we have g(0)=g(1)"" 中，錯誤地斷言 g(0) 等於 g(1)，而實際上 g(0) = -g(1)。

2. 在步驟 ""by the Intermediate Value Theorem, g(c)=0 for some c in [0,1]"" 中，沒有驗證 IVT 的前提（即 g(0) 和 g(1) 有相反符號），因為學生的假設 g(0)=g(1) 意味著如果 g(0) ≠ 0，則 g(0) 和 g(1) 有相同符號（非相反）。

但問題2 依賴於問題1。然而，在教學上，我們可以視為獨立，因為如果學生正確計算 g(0) 和 g(1)，他們可能還會忘記陳述有相反符號，但這裡學生的錯誤是從開始就錯了。

為了符合規則，我會只列出一個問題：學生錯誤地斷言 g(0) = g(1)。

因為這是根本錯誤，導致整個推理崩壞。

在參考解中，IVT 應用是基於 g(1) = -g(0)，所以有相反符號。

學生的草稿中，他們說 g(0)=g(1)，這不成立。

此外，學生沒有提到 g(0) 和 g(1) 的關係是 g(0) = -g(1)，所以他們可能誤解了。

我認為最安全的輸出是：[""在步驟 'since f(0)=f(2), we have g(0)=g(1)' 中，錯誤地斷言 g(0) 等於 g(1)，而實際上 g(0) = f(0) - f(1) 且 g(1) = f(1) - f(2) = f(1) - f(0) = - (f(0) - f(1)) = -g(0)，因此 g(0) = -g(1)""]

這是一個問題。

是否有其他問題？例如，學生說 ""g(c)=0 for some c in [0,1]""，但參考解中，當 g(0)=0 或 g(1)=0 時，c 可以是端點，但學生說 ""c in [0,1]""，這沒問題。IVT 保證 c 在 [0,1]，因為 g continuous on [0,1]。

所以，沒有其他問題。

學生的草稿中，他們說 ""Is this correct?"" 但我們要找草稿的缺漏，不是評論。

所以，我認為只有一個根本問題。

但規則說 ""必須列出所有彼此獨立的根本問題""，所以如果只有一個，就只有一個。

在教學上，學生可能還沒有考慮到 g(0) 和 g(1) 的關係，但這裡是明確的錯誤。

另一個點：學生說 ""g(x)=f(x)-f(x+1)""，但 x in [0,1]，所以 x+1 in [1,2]，f is continuous on [0,2]，所以 f(x+1) is defined and continuous, so g is continuous on [0,1]. 這沒問題。

所以，沒有其他錯誤。

因此，我會輸出一個 JSON 字串陣列，包含一個元素。

精確的句子：在學生的草稿中，步驟 ""since f(0)=f(2), we have g(0)=g(1)"" 這一步，錯誤地斷言 g(0) 等於 g(1)，而實際上 g(0) = f(0) - f(1) 且 g(1) = f(1) - f(2) = f(1) - f(0) = - (f(0) - f(1)) = -g(0)，因此 g(0) = -g(1)。

為了簡潔，但規則說 ""精確說明""。

在 JSON 中，是字串。

所以，我寫：[""在步驟 'since f(0)=f(2), we have g(0)=g(1)' 中，錯誤地斷言 g(0) 等於 g(1)，而實際上 g(0) = -g(1)""]

但為了更精確，我應該寫完整。

規則：每項用一句話精確說明：在哪一步、缺了什麼或錯在哪。

所以，""在哪一步""：在學生說 ""since f(0)=f(2), we have g(0)=g(1)"" 這一步

""缺了什麼或錯在哪""：錯誤地斷言 g(0) 等於 g(1)，而實際上 g(0) = -g(1)

在中文中，但問題是用中文嗎？用戶是中文，但輸出是 JSON 字串，內容用中文？看規則：用戶用中文寫問題，但輸出是 JSON 字串，內容應該是中文？不，規則說 ""每項用一句話""，但沒有指定語言。用戶的訊息是中文，但輸出是 JSON 字串，內容用中文？在示例中，沒有指定。

看用戶的訊息：是中文，但任務描述是中文。在輸出中，我應該用中文，因為是教學標準。

在規則中： ""每項用一句話精確說明""，在中文上下文。

例如，用戶說 ""數學系課程""，所以用中文。

在之前的思考，我用中文寫。

所以，我會用中文。

精確的句子：在學生草稿中「since f(0)=f(2), we have g(0)=g(1)」這一步，錯誤地斷言 g(0) 等於 g(1)，而實際上 g(0) = f(0) - f(1) 且 g(1) = f(1) - f(2) = f(1) - f(0) = - (f(0) - f(1)) = -g(0)，因此 g(0) = -g(1)。

但為了簡潔，可以寫：在步驟「since f(0)=f(2), we have g(0)=g(1)」中，錯誤地斷言 g(0) = g(1)，而實際上 g(0) = -g(1)。

是的。

現在，是否有第二個問題？例如，學生應用 IVT 時，沒有說明 g(0) 和 g(1) 有相反符號。

但由於學生的假設是 g(0)=g(1)，這不成立，所以如果他們正確知道 g(0) = -g(1)，那麼 IVT 應用是正確的，但他們沒有陳述有相反符號。

在參考解中，IVT 應用時，明確說 ""g(0) and g(1) have opposite signs""。

學生沒有這個。

所以，另一個問題：在步驟 ""by the Intermediate Value Theorem, g(c)=0 for some c in [0,1]"" 中，沒有陳述 g(0) 和 g(1) 有相反符號（或一端為零）。

但學生的草稿中，他們說 g(0)=g(1)，所以他們可能以為有，但實際上沒有。

在教學上，這是一個缺漏：套用 IVT 但沒有陳述前提。

例如，例：由 $cv=0$ 推 $c=0$ 卻沒說 $v\ne0$。

這裡，學生套用 IVT 但沒有陳述 g(0) 和 g(1) 有相反符號。

但學生的草稿中，他們假設 g(0)=g(1)，所以他們可能誤解了。

為了嚴格，我會列出兩個問題：

1. 在步驟 ""since f(0)=f(2), we have g(0)=g(1)"" 中，錯誤地斷言 g(0) 等於 g(1)，而實際上 g(0) = -g(1)。

2. 在步驟 ""by the Intermediate Value Theorem, g(c)=0 for some c in [0,1]"" 中，沒有驗證 IVT 的前提（即 g(0) 和 g(1) 有相反符號），因為學生的假設 g(0)=g(1) 不保證有相反符號。

但問題2 依賴於問題1。

在教學標準下，學生應該先正確計算 g(0) 和 g(1) 的關係，然後應用 IVT。

所以，我認為問題1 是根本的，問題2 是衍生的，但規則要求 ""彼此獨立""，所以可能只有一個。

我決定只列出問題1，因為它是直接錯誤。

在參考解中，IVT 應用是基於 g(1) = -g(0)，所以有相反符號。

學生沒有這個關係。

但學生的錯誤是從第一步就錯了。

我查一下是否有標準答案。

在許多類似問題中，學生常犯的錯誤是混淆 g(0) 和 g(1)。

例如，g(0) = f(0) - f(1), g(1) = f(1) - f(2), and f(0)=f(2), so g(1) = f(1) - f(0) = - (f(0) - f(1)) = -g(0).

所以，學生說 g(0)=g(1) 是錯誤的。

此外，IVT 應用需要 g(0) 和 g(1) 有相反符號，但學生沒有提供這個。

但既然學生的假設是 g(0)=g(1)，這不成立，所以 IVT 應用不正確。

為了安全，我會輸出一個問題。

最終決定： [""在步驟 'since f(0)=f(2), we have g(0)=g(1)' 中，錯誤地斷言 g(0) 等於 g(1)，而實際上 g(0) = -g(1)""]

用中文。

在 JSON 中。

所以，字串： ""在步驟 'since f(0)=f(2), we have g(0)=g(1)' 中，錯誤地斷言 g(0) 等於 g(1)，而實際上 g(0) = -g(1)""

為了更精確，我寫： ""在學生草稿中 'since f(0)=f(2), we have g(0)=g(1)' 這一步，錯誤地斷言 g(0) 等於 g(1)，而實際上 g(0) = f(0) - f(1) 且 g(1) = f(1) - f(2) = f(1) - f(0) = - (f(0) - f(1)) = -g(0)，因此 g(0) = -g(1)""

但可能太長。規則說 ""精確""，但不要過長。

在教學中，通常簡潔。

我會寫： ""在步驟 'since f(0)=f(2), we have g(0)=g(1)' 中，錯誤地斷言 g(0) = g(1)，而實際上 g(0) = -g(1)""

是的。

現在，輸出 JSON: [""在步驟 'since f(0)=f(2), we have g(0)=g(1)' 中，錯誤地斷言 g(0) = g(1)，而實際上 g(0) = -g(1)""]

但為了確保，我檢查是否有第二個問題。

例如，學生說 ""g(c)=0 for some c in [0,1]""，但 IVT 保證 c 在 [0,1]，這沒問題。在參考解中，c 可以是 0 或 1，但學生說 [0,1]，這沒問題。

所以，沒有其他問題。

因此，只有一個問題。

輸出應該是 JSON 字串陣列。

所以， [""在步驟 'since f(0)=f(2), we have g(0)=g(1)' 中，錯誤地斷言 g(0) = g(1)，而實際上 g(0) = -g(1)""]

在中文中，用引號。

在 JSON 中，字串用雙引號。

但用戶是中文，所以用中文。

我認為這是正確的。",stop,
