blind_id,review_id,problem,review_language,verified_reference,student_attempt,gold_issue_for_rubric,reviewer_response,rater_id,root_issue_correct_0or1,false_issue_added_0or1,completeness_1to5,usable_for_tutor_0or1,notes
R-C1-wrong_attempt-M1,C1:wrong_attempt,"Prove that if \(f\) is continuous on \([0,1]\) and \(f(x)>0\) for every \(x\in[0,1]\), then there exists \(c>0\) such that \(f(x)\ge c\) for all \(x\in[0,1]\).",zh,"By the Extreme Value Theorem, f attains a minimum m=f(x_0) on [0,1]. The hypothesis gives m=f(x_0)>0. Taking c=m yields f(x)>=c for every x in [0,1].","因為每一點都有 f(x)>0，所以令 c=inf_{x in [0,1]} f(x)。那麼 c 自動大於 0，因此結論成立。",逐點為正不保證下確界大於零；必須利用緊緻性以及最小值確實能取到。,"[""學生未提及或證明極值定理的應用：雖提到下界，但未說明因 f 為連續函數，在閉區間上必達最小值，故 inf f(x) 是可達的，且實際上等於最小值；缺少對極值存在的明確引用與推導。""]",,,,,,
R-C1-wrong_attempt-M2,C1:wrong_attempt,"Prove that if \(f\) is continuous on \([0,1]\) and \(f(x)>0\) for every \(x\in[0,1]\), then there exists \(c>0\) such that \(f(x)\ge c\) for all \(x\in[0,1]\).",zh,"By the Extreme Value Theorem, f attains a minimum m=f(x_0) on [0,1]. The hypothesis gives m=f(x_0)>0. Taking c=m yields f(x)>=c for every x in [0,1].","因為每一點都有 f(x)>0，所以令 c=inf_{x in [0,1]} f(x)。那麼 c 自動大於 0，因此結論成立。",逐點為正不保證下確界大於零；必須利用緊緻性以及最小值確實能取到。,"[""infimum 可能取不到實際值，故不能直接取作 c；只有最小值才是真正的下界。""]",,,,,,
R-C1-wrong_attempt-M3,C1:wrong_attempt,"Prove that if \(f\) is continuous on \([0,1]\) and \(f(x)>0\) for every \(x\in[0,1]\), then there exists \(c>0\) such that \(f(x)\ge c\) for all \(x\in[0,1]\).",zh,"By the Extreme Value Theorem, f attains a minimum m=f(x_0) on [0,1]. The hypothesis gives m=f(x_0)>0. Taking c=m yields f(x)>=c for every x in [0,1].","因為每一點都有 f(x)>0，所以令 c=inf_{x in [0,1]} f(x)。那麼 c 自動大於 0，因此結論成立。",逐點為正不保證下確界大於零；必須利用緊緻性以及最小值確實能取到。,[Thinking 模型未產生可用的最終回答],,,,,,
R-C2-wrong_attempt-M1,C2:wrong_attempt,"Prove that if \(f\) is continuous on \([a,b]\) and \(f(x)\neq 0\) for all \(x\in[a,b]\), then \(f\) has the same sign on all of \([a,b]\).",zh,"Choose x_0 in [a,b]. If f(x_0)>0 and there were y with f(y)<0, continuity on the interval between x_0 and y and the Intermediate Value Theorem would give z with f(z)=0, a contradiction. Hence f is positive everywhere. The case f(x_0)<0 is analogous, so f has one sign on the whole interval.",函數從不等於零，所以它不可能變號，因此在整個區間上同號。,變號必經零需要連續性，必須明確使用中間值定理論證。,"[""學生的證明缺乏嚴謹性，未使用連續性或中值定理來排除變號的可能性，僅依賴直覺性斷言‘不可能變號’，未建立與連續性的邏輯連結。""]",,,,,,
R-C2-wrong_attempt-M2,C2:wrong_attempt,"Prove that if \(f\) is continuous on \([a,b]\) and \(f(x)\neq 0\) for all \(x\in[a,b]\), then \(f\) has the same sign on all of \([a,b]\).",zh,"Choose x_0 in [a,b]. If f(x_0)>0 and there were y with f(y)<0, continuity on the interval between x_0 and y and the Intermediate Value Theorem would give z with f(z)=0, a contradiction. Hence f is positive everywhere. The case f(x_0)<0 is analogous, so f has one sign on the whole interval.",函數從不等於零，所以它不可能變號，因此在整個區間上同號。,變號必經零需要連續性，必須明確使用中間值定理論證。,這是「直覺論證」而非證明。要靠 IVT 排除變號，但草稿完全跳過這個工具，也沒提到「連續性」這個前提。,,,,,,
R-C2-wrong_attempt-M3,C2:wrong_attempt,"Prove that if \(f\) is continuous on \([a,b]\) and \(f(x)\neq 0\) for all \(x\in[a,b]\), then \(f\) has the same sign on all of \([a,b]\).",zh,"Choose x_0 in [a,b]. If f(x_0)>0 and there were y with f(y)<0, continuity on the interval between x_0 and y and the Intermediate Value Theorem would give z with f(z)=0, a contradiction. Hence f is positive everywhere. The case f(x_0)<0 is analogous, so f has one sign on the whole interval.",函數從不等於零，所以它不可能變號，因此在整個區間上同號。,變號必經零需要連續性，必須明確使用中間值定理論證。,"[""在步驟 '所以它不可能變號' 中，未明確指出 $f$ 在區間 $[a,b]$ 上連續""]",,,,,,
R-C3-high_logic-M1,C3:high_logic,"Prove that if \(f\) is continuous on \([a,b]\) and takes only rational values, then \(f\) is constant.",zh,"Suppose f is not constant. Then there are u,v in [a,b] with f(u)<f(v), after interchanging them if needed. Choose an irrational number alpha strictly between f(u) and f(v). By continuity on the interval between u and v, the Intermediate Value Theorem gives t with f(t)=alpha. This contradicts that every value of f is rational. Therefore f is constant.","因為 [a,b] 不可數而有理數可數，所以必有兩個輸入具有相同的 f 值，因此 f 是常數函數。",鴿籠原理最多得到某個值重複，不能推出任意兩點函數值相等；需要以無理中間值導出矛盾。,"[""草稿中未提及 $f$ 連續的條件"", ""有重複值不意味著 $f$ 是常數函數""]",,,,,,
R-C3-high_logic-M2,C3:high_logic,"Prove that if \(f\) is continuous on \([a,b]\) and takes only rational values, then \(f\) is constant.",zh,"Suppose f is not constant. Then there are u,v in [a,b] with f(u)<f(v), after interchanging them if needed. Choose an irrational number alpha strictly between f(u) and f(v). By continuity on the interval between u and v, the Intermediate Value Theorem gives t with f(t)=alpha. This contradicts that every value of f is rational. Therefore f is constant.","因為 [a,b] 不可數而有理數可數，所以必有兩個輸入具有相同的 f 值，因此 f 是常數函數。",鴿籠原理最多得到某個值重複，不能推出任意兩點函數值相等；需要以無理中間值導出矛盾。,這是「可數集合的子集可數」這個事實的誤用，並非論證。可數性不能直接推出「存在兩個點取同一值」。,,,,,,
R-C3-high_logic-M3,C3:high_logic,"Prove that if \(f\) is continuous on \([a,b]\) and takes only rational values, then \(f\) is constant.",zh,"Suppose f is not constant. Then there are u,v in [a,b] with f(u)<f(v), after interchanging them if needed. Choose an irrational number alpha strictly between f(u) and f(v). By continuity on the interval between u and v, the Intermediate Value Theorem gives t with f(t)=alpha. This contradicts that every value of f is rational. Therefore f is constant.","因為 [a,b] 不可數而有理數可數，所以必有兩個輸入具有相同的 f 值，因此 f 是常數函數。",鴿籠原理最多得到某個值重複，不能推出任意兩點函數值相等；需要以無理中間值導出矛盾。,"[""學生的論證未使用連續性假設，也未引用或應用中間值定理，因此缺乏對 f 取理性值的矛盾推導；此處的「不可數輸入與可數有理數」推理是錯誤的，因函數值雖在可數集上，但並不能直接推出存在兩點 f(u)=f(v)，且未說明如何從連續性與取值範圍推出矛盾。""]",,,,,,
R-C3-high_logic_en-M1,C3:high_logic_en,"Prove that if \(f\) is continuous on \([a,b]\) and takes only rational values, then \(f\) is constant.",en,"Suppose f is not constant. Then there are u,v in [a,b] with f(u)<f(v), after interchanging them if needed. Choose an irrational number alpha strictly between f(u) and f(v). By continuity on the interval between u and v, the Intermediate Value Theorem gives t with f(t)=alpha. This contradicts that every value of f is rational. Therefore f is constant.","Because [a,b] is uncountable but the rational numbers are countable, two inputs must have the same f-value. Therefore f is constant.","Pigeonhole gives only one repeated value, not equality of f at every pair; the proof needs an irrational intermediate value contradiction.","[""The student's argument is incorrect because it misapplies the concept of uncountability. Just because the domain [a,b] is uncountable and the range of rational numbers is countable does not imply that two inputs must have the same function value. A function can map an uncountable domain to a countable range without being constant—this is not sufficient to prove constancy. The correct proof uses the Intermediate Value Theorem and the density of irrationals in reals to show that a non-constant continuous function would take irrational values, contradicting the assumption that f takes only rational values.""]",,,,,,
R-C3-high_logic_en-M2,C3:high_logic_en,"Prove that if \(f\) is continuous on \([a,b]\) and takes only rational values, then \(f\) is constant.",en,"Suppose f is not constant. Then there are u,v in [a,b] with f(u)<f(v), after interchanging them if needed. Choose an irrational number alpha strictly between f(u) and f(v). By continuity on the interval between u and v, the Intermediate Value Theorem gives t with f(t)=alpha. This contradicts that every value of f is rational. Therefore f is constant.","Because [a,b] is uncountable but the rational numbers are countable, two inputs must have the same f-value. Therefore f is constant.","Pigeonhole gives only one repeated value, not equality of f at every pair; the proof needs an irrational intermediate value contradiction.","[""Collision does not imply constancy"", ""Continuity hypothesis omitted""]",,,,,,
R-C3-high_logic_en-M3,C3:high_logic_en,"Prove that if \(f\) is continuous on \([a,b]\) and takes only rational values, then \(f\) is constant.",en,"Suppose f is not constant. Then there are u,v in [a,b] with f(u)<f(v), after interchanging them if needed. Choose an irrational number alpha strictly between f(u) and f(v). By continuity on the interval between u and v, the Intermediate Value Theorem gives t with f(t)=alpha. This contradicts that every value of f is rational. Therefore f is constant.","Because [a,b] is uncountable but the rational numbers are countable, two inputs must have the same f-value. Therefore f is constant.","Pigeonhole gives only one repeated value, not equality of f at every pair; the proof needs an irrational intermediate value contradiction.","The argument ""uncountable domain meets countable range"" is not a theorem — it's a false intuition (e.g., the reals are uncountable yet you can map them to the rationals). What must be used instead?",,,,,,
R-C3-wrong_attempt-M1,C3:wrong_attempt,"Prove that if \(f\) is continuous on \([a,b]\) and takes only rational values, then \(f\) is constant.",zh,"Suppose f is not constant. Then there are u,v in [a,b] with f(u)<f(v), after interchanging them if needed. Choose an irrational number alpha strictly between f(u) and f(v). By continuity on the interval between u and v, the Intermediate Value Theorem gives t with f(t)=alpha. This contradicts that every value of f is rational. Therefore f is constant.",有理數對極限封閉。因為 f 連續而且所有函數值都是有理數，所以像集是閉集，因而只能是單點集。,有理數在實數中不是閉集，而且值域只含有理數並不能直接推出像集只有一點。,"[""學生草稿中斷言‘有理數對極限封閉’是錯誤的，因為有理數集在實數中不是閉集，其閉包是整個實數軸，故不能用此性質推出像集是閉集；且有理數集不封閉於極限運算，因此該步驟缺乏數學依據。""]",,,,,,
R-C3-wrong_attempt-M2,C3:wrong_attempt,"Prove that if \(f\) is continuous on \([a,b]\) and takes only rational values, then \(f\) is constant.",zh,"Suppose f is not constant. Then there are u,v in [a,b] with f(u)<f(v), after interchanging them if needed. Choose an irrational number alpha strictly between f(u) and f(v). By continuity on the interval between u and v, the Intermediate Value Theorem gives t with f(t)=alpha. This contradicts that every value of f is rational. Therefore f is constant.",有理數對極限封閉。因為 f 連續而且所有函數值都是有理數，所以像集是閉集，因而只能是單點集。,有理數在實數中不是閉集，而且值域只含有理數並不能直接推出像集只有一點。,"[""學生斷言有理數對極限封閉，但有理數集在實數中不對極限封閉（例如，存在有理數序列收斂到無理數）""]",,,,,,
R-C3-wrong_attempt-M3,C3:wrong_attempt,"Prove that if \(f\) is continuous on \([a,b]\) and takes only rational values, then \(f\) is constant.",zh,"Suppose f is not constant. Then there are u,v in [a,b] with f(u)<f(v), after interchanging them if needed. Choose an irrational number alpha strictly between f(u) and f(v). By continuity on the interval between u and v, the Intermediate Value Theorem gives t with f(t)=alpha. This contradicts that every value of f is rational. Therefore f is constant.",有理數對極限封閉。因為 f 連續而且所有函數值都是有理數，所以像集是閉集，因而只能是單點集。,有理數在實數中不是閉集，而且值域只含有理數並不能直接推出像集只有一點。,[「有理數對極限不封閉」這個前提本身就不成立，故整個論證建立在虛假基礎上。],,,,,,
R-D1-wrong_attempt-M1,D1:wrong_attempt,"Prove that if \(f\) is differentiable on \(\mathbb{R}\) and \(f'(x)>0\) for all \(x\in\mathbb{R}\), then \(f\) is one-to-one.",zh,"Let x<y. By the Mean Value Theorem, for some c in (x,y), f(y)-f(x)=f'(c)(y-x)>0. Thus f(y)>f(x), so f is strictly increasing and hence one-to-one.",因為 f'(x)>0，所以每個 x 都有 f(x)>0。正函數不可能取兩次相同的值，因此 f 是一對一。,導數為正表示函數嚴格遞增，不表示函數值逐點為正；正函數仍可能重複取值。,[「f'(x)>0」推不出「f(x)>0」，這是兩個不同概念；正函數與單調不減是完全不同的事。'],,,,,,
R-D1-wrong_attempt-M2,D1:wrong_attempt,"Prove that if \(f\) is differentiable on \(\mathbb{R}\) and \(f'(x)>0\) for all \(x\in\mathbb{R}\), then \(f\) is one-to-one.",zh,"Let x<y. By the Mean Value Theorem, for some c in (x,y), f(y)-f(x)=f'(c)(y-x)>0. Thus f(y)>f(x), so f is strictly increasing and hence one-to-one.",因為 f'(x)>0，所以每個 x 都有 f(x)>0。正函數不可能取兩次相同的值，因此 f 是一對一。,導數為正表示函數嚴格遞增，不表示函數值逐點為正；正函數仍可能重複取值。,"[""在「每個 x 都有 f(x)>0」的推論中，從 f'(x)>0 不能推出 f(x)>0，例如 f(x)=x 滿足 f'(x)>0 但 f(0)=0"", ""在「正函數不可能取兩次相同的值」的陳述中，此斷言不成立，因為存在正函數（如 f(x)=1+x^2）取相同值（f(1)=f(-1)=2）""]",,,,,,
R-D1-wrong_attempt-M3,D1:wrong_attempt,"Prove that if \(f\) is differentiable on \(\mathbb{R}\) and \(f'(x)>0\) for all \(x\in\mathbb{R}\), then \(f\) is one-to-one.",zh,"Let x<y. By the Mean Value Theorem, for some c in (x,y), f(y)-f(x)=f'(c)(y-x)>0. Thus f(y)>f(x), so f is strictly increasing and hence one-to-one.",因為 f'(x)>0，所以每個 x 都有 f(x)>0。正函數不可能取兩次相同的值，因此 f 是一對一。,導數為正表示函數嚴格遞增，不表示函數值逐點為正；正函數仍可能重複取值。,"[
  ""學生錯誤地斷言 'f'(x)>0' 意味著 'f(x)>0'，這是錯誤的：導數為正並不能推出函數值為正，例如 f(x)=x 的導數為 1>0，但 f(0)=0。"",
  ""學生未證明 f 是一對一，僅憑 '正函數不可能取兩次相同值' 這句無根據的陳述，此結論缺乏數學依據且未建立在任何正確的邏輯鏈上。""
]",,,,,,
R-D2-wrong_attempt-M1,D2:wrong_attempt,"Prove that if \(f\) is differentiable on \(\mathbb{R}\) and \(|f'(x)|\le M\) for all \(x\), then \(|f(x)-f(y)|\le M|x-y|\) for all real \(x,y\).",zh,"If x=y the result is immediate. Otherwise apply the Mean Value Theorem on the interval with endpoints x and y. For some c between them, f(x)-f(y)=f'(c)(x-y). Taking absolute values gives |f(x)-f(y)|=|f'(c)||x-y|<=M|x-y|.",直接把不等式 |f'|<=M 從 y 積分到 x，就立即得到 |f(x)-f(y)|<=M|x-y|。,只有可微不足以直接對 f' 使用微積分基本定理；應由中值定理取得合法論證。,[「積分路線需要 $f'$ 可積（連續即可）這個前提，題目只給可微，未必成立」],,,,,,
R-D2-wrong_attempt-M2,D2:wrong_attempt,"Prove that if \(f\) is differentiable on \(\mathbb{R}\) and \(|f'(x)|\le M\) for all \(x\), then \(|f(x)-f(y)|\le M|x-y|\) for all real \(x,y\).",zh,"If x=y the result is immediate. Otherwise apply the Mean Value Theorem on the interval with endpoints x and y. For some c between them, f(x)-f(y)=f'(c)(x-y). Taking absolute values gives |f(x)-f(y)|=|f'(c)||x-y|<=M|x-y|.",直接把不等式 |f'|<=M 從 y 積分到 x，就立即得到 |f(x)-f(y)|<=M|x-y|。,只有可微不足以直接對 f' 使用微積分基本定理；應由中值定理取得合法論證。,[Thinking 模型未產生可用的最終回答],,,,,,
R-D2-wrong_attempt-M3,D2:wrong_attempt,"Prove that if \(f\) is differentiable on \(\mathbb{R}\) and \(|f'(x)|\le M\) for all \(x\), then \(|f(x)-f(y)|\le M|x-y|\) for all real \(x,y\).",zh,"If x=y the result is immediate. Otherwise apply the Mean Value Theorem on the interval with endpoints x and y. For some c between them, f(x)-f(y)=f'(c)(x-y). Taking absolute values gives |f(x)-f(y)|=|f'(c)||x-y|<=M|x-y|.",直接把不等式 |f'|<=M 從 y 積分到 x，就立即得到 |f(x)-f(y)|<=M|x-y|。,只有可微不足以直接對 f' 使用微積分基本定理；應由中值定理取得合法論證。,"[""The student's argument skips the application of the Mean Value Theorem or a valid integration-based justification, and does not verify that the integral of |f'(t)| over [min(x,y), max(x,y)] is bounded by M|x-y|, which requires justification that |f'(t)| ≤ M implies ∫|f'(t)| dt ≤ M|x−y| — this step is not justified or explicitly stated, even though it may seem obvious.""]",,,,,,
R-D3-high_logic-M1,D3:high_logic,"Prove that if \(f\) is continuous on \([a,b]\) and differentiable on \((a,b)\), and if \(f'(x)\neq 0\) for all \(x\in(a,b)\), then \(f\) has at most one zero in \([a,b]\).",zh,"Suppose f had two distinct zeros x_1<x_2 in [a,b]. The restriction of f to [x_1,x_2] is continuous and is differentiable on (x_1,x_2). Since f(x_1)=f(x_2)=0, Rolle's theorem gives c in (x_1,x_2) with f'(c)=0, contradicting the hypothesis. Hence f has at most one zero.",因為 f'(x) 永不為零，而且導數是連續的，所以 f' 同號，故 f 單調並且至多有一個零點。,導數不一定連續；結論雖正確，但此論證加入了未給定的連續性，應直接使用 Rolle 定理。,"[
  ""學生草稿中假設「導數是連續的」，但題目僅給出 f 為連續且在 (a,b) 可微，並未假設 f' 連續，因此不能由此推出 f' 同號。這是無根據的假設。"",
  ""學生草稿中直接斷言「f 單調」，但未證明：由 f'(x)≠0 不能推出 f 單調，除非有 f' 不變號，而這需要 f' 連續或至少在區間內同號，此處未建立。""
]",,,,,,
R-D3-high_logic-M2,D3:high_logic,"Prove that if \(f\) is continuous on \([a,b]\) and differentiable on \((a,b)\), and if \(f'(x)\neq 0\) for all \(x\in(a,b)\), then \(f\) has at most one zero in \([a,b]\).",zh,"Suppose f had two distinct zeros x_1<x_2 in [a,b]. The restriction of f to [x_1,x_2] is continuous and is differentiable on (x_1,x_2). Since f(x_1)=f(x_2)=0, Rolle's theorem gives c in (x_1,x_2) with f'(c)=0, contradicting the hypothesis. Hence f has at most one zero.",因為 f'(x) 永不為零，而且導數是連續的，所以 f' 同號，故 f 單調並且至多有一個零點。,導數不一定連續；結論雖正確，但此論證加入了未給定的連續性，應直接使用 Rolle 定理。,「導數連續」並非題假設，不能當前提引用。若 f' 不連續，即使永不為零，f 仍可能非單調。,,,,,,
R-D3-high_logic-M3,D3:high_logic,"Prove that if \(f\) is continuous on \([a,b]\) and differentiable on \((a,b)\), and if \(f'(x)\neq 0\) for all \(x\in(a,b)\), then \(f\) has at most one zero in \([a,b]\).",zh,"Suppose f had two distinct zeros x_1<x_2 in [a,b]. The restriction of f to [x_1,x_2] is continuous and is differentiable on (x_1,x_2). Since f(x_1)=f(x_2)=0, Rolle's theorem gives c in (x_1,x_2) with f'(c)=0, contradicting the hypothesis. Hence f has at most one zero.",因為 f'(x) 永不為零，而且導數是連續的，所以 f' 同號，故 f 單調並且至多有一個零點。,導數不一定連續；結論雖正確，但此論證加入了未給定的連續性，應直接使用 Rolle 定理。,"[""在「而且導數是連續的」這一步，學生假設導數連續，但題目中未給此條件。""]",,,,,,
R-D3-high_logic_en-M1,D3:high_logic_en,"Prove that if \(f\) is continuous on \([a,b]\) and differentiable on \((a,b)\), and if \(f'(x)\neq 0\) for all \(x\in(a,b)\), then \(f\) has at most one zero in \([a,b]\).",en,"Suppose f had two distinct zeros x_1<x_2 in [a,b]. The restriction of f to [x_1,x_2] is continuous and is differentiable on (x_1,x_2). Since f(x_1)=f(x_2)=0, Rolle's theorem gives c in (x_1,x_2) with f'(c)=0, contradicting the hypothesis. Hence f has at most one zero.","Since f'(x) is never zero and derivatives are continuous, f' has one sign. Thus f is monotone and has at most one zero.","A derivative need not be continuous; the conclusion is true, but this proof inserts an unstated continuity assumption instead of using Rolle's theorem directly.","[""Assumes f' is continuous, which is not given in the problem""]",,,,,,
R-D3-high_logic_en-M2,D3:high_logic_en,"Prove that if \(f\) is continuous on \([a,b]\) and differentiable on \((a,b)\), and if \(f'(x)\neq 0\) for all \(x\in(a,b)\), then \(f\) has at most one zero in \([a,b]\).",en,"Suppose f had two distinct zeros x_1<x_2 in [a,b]. The restriction of f to [x_1,x_2] is continuous and is differentiable on (x_1,x_2). Since f(x_1)=f(x_2)=0, Rolle's theorem gives c in (x_1,x_2) with f'(c)=0, contradicting the hypothesis. Hence f has at most one zero.","Since f'(x) is never zero and derivatives are continuous, f' has one sign. Thus f is monotone and has at most one zero.","A derivative need not be continuous; the conclusion is true, but this proof inserts an unstated continuity assumption instead of using Rolle's theorem directly.","The draft uses continuity of the derivative — which is not given — to conclude f' has one sign. Without C8, monotonicity cannot be concluded.",,,,,,
R-D3-high_logic_en-M3,D3:high_logic_en,"Prove that if \(f\) is continuous on \([a,b]\) and differentiable on \((a,b)\), and if \(f'(x)\neq 0\) for all \(x\in(a,b)\), then \(f\) has at most one zero in \([a,b]\).",en,"Suppose f had two distinct zeros x_1<x_2 in [a,b]. The restriction of f to [x_1,x_2] is continuous and is differentiable on (x_1,x_2). Since f(x_1)=f(x_2)=0, Rolle's theorem gives c in (x_1,x_2) with f'(c)=0, contradicting the hypothesis. Hence f has at most one zero.","Since f'(x) is never zero and derivatives are continuous, f' has one sign. Thus f is monotone and has at most one zero.","A derivative need not be continuous; the conclusion is true, but this proof inserts an unstated continuity assumption instead of using Rolle's theorem directly.","[
  ""Derivatives are not necessarily continuous, so assuming f' is continuous is invalid."",
  ""The conclusion that f' having one sign implies f is monotone requires justification beyond just f' ≠ 0; this step is not logically valid without additional assumptions (like continuity of f')."",
  ""The claim that f has at most one zero follows from monotonicity, but monotonicity itself is not established without continuity of f'.""
]",,,,,,
R-D3-wrong_attempt-M1,D3:wrong_attempt,"Prove that if \(f\) is continuous on \([a,b]\) and differentiable on \((a,b)\), and if \(f'(x)\neq 0\) for all \(x\in(a,b)\), then \(f\) has at most one zero in \([a,b]\).",zh,"Suppose f had two distinct zeros x_1<x_2 in [a,b]. The restriction of f to [x_1,x_2] is continuous and is differentiable on (x_1,x_2). Since f(x_1)=f(x_2)=0, Rolle's theorem gives c in (x_1,x_2) with f'(c)=0, contradicting the hypothesis. Hence f has at most one zero.",如果 f 有兩個零點，中值定理會給出兩點之間某個 c 使 f(c)=0，這與 f' 的假設矛盾。,中值定理或 Rolle 定理的結論是 f'(c)=0，不是 f(c)=0；真正的矛盾必須落在導數。,中值定理（MVT）給的是「斜率」而非「函數值」為零。Rolle 才能從兩端同值推出 f'(c)=0。,,,,,,
R-D3-wrong_attempt-M2,D3:wrong_attempt,"Prove that if \(f\) is continuous on \([a,b]\) and differentiable on \((a,b)\), and if \(f'(x)\neq 0\) for all \(x\in(a,b)\), then \(f\) has at most one zero in \([a,b]\).",zh,"Suppose f had two distinct zeros x_1<x_2 in [a,b]. The restriction of f to [x_1,x_2] is continuous and is differentiable on (x_1,x_2). Since f(x_1)=f(x_2)=0, Rolle's theorem gives c in (x_1,x_2) with f'(c)=0, contradicting the hypothesis. Hence f has at most one zero.",如果 f 有兩個零點，中值定理會給出兩點之間某個 c 使 f(c)=0，這與 f' 的假設矛盾。,中值定理或 Rolle 定理的結論是 f'(c)=0，不是 f(c)=0；真正的矛盾必須落在導數。,"[
  ""在應用中值定理時，學生誤用了中值定理（Mean Value Theorem），正確應使用羅爾定理（Rolle's Theorem）；而中值定理的結論是存在 c ∈ (x₁,x₂) 使得 f'(c) = \\frac{f(x_2)-f(x_1)}{x_2-x_1}，但並不能推出 f(c)=0，因此此步驟是錯誤的。"",
  ""學生未明確指出假設 f 有兩個零點 x₁ < x₂，並由此構造區間 [x₁,x₂] 上的連續可微函數，也未提及 Rolle's Theorem 的前提條件（即 f(x₁)=f(x₂)）與其結論 f'(c)=0 的推導過程，導致邏輯鏈斷裂。""
]",,,,,,
R-D3-wrong_attempt-M3,D3:wrong_attempt,"Prove that if \(f\) is continuous on \([a,b]\) and differentiable on \((a,b)\), and if \(f'(x)\neq 0\) for all \(x\in(a,b)\), then \(f\) has at most one zero in \([a,b]\).",zh,"Suppose f had two distinct zeros x_1<x_2 in [a,b]. The restriction of f to [x_1,x_2] is continuous and is differentiable on (x_1,x_2). Since f(x_1)=f(x_2)=0, Rolle's theorem gives c in (x_1,x_2) with f'(c)=0, contradicting the hypothesis. Hence f has at most one zero.",如果 f 有兩個零點，中值定理會給出兩點之間某個 c 使 f(c)=0，這與 f' 的假設矛盾。,中值定理或 Rolle 定理的結論是 f'(c)=0，不是 f(c)=0；真正的矛盾必須落在導數。,"[""草稿中聲稱中值定理會給出兩點之間某個 c 使 f(c)=0，但中值定理的結論是存在 c 使得 f'(c) 等於平均變化率，而非 f(c) 為零。"", ""草稿中 f(c)=0 這與 f'(x) ≠ 0 的假設無直接矛盾，而實際上應是 f'(c)=0 與 f'(x) ≠ 0 矛盾。""]",,,,,,
R-I1-wrong_attempt-M1,I1:wrong_attempt,"Prove that if \(f\) is continuous on \([0,1]\), then \(\int_0^1 f(x)\,dx=\int_0^1 f(1-x)\,dx\).",zh,"In the right-hand integral set u=1-x, so du=-dx. As x goes from 0 to 1, u goes from 1 to 0. Therefore integral_0^1 f(1-x) dx = integral_1^0 f(u)(-du)=integral_0^1 f(u)du, which is the left-hand integral after renaming u.","在被積函數中把 x 換成 1-x。因為積分區間仍是 [0,1]，兩個積分自動相等。",代換時還必須處理微分與上下限反向，不能只靠更換符號就宣稱相等。,"[""換元是正式手法，不能靠「區間相同」就斷言兩積分相等；這需要變動變數後重算。""]",,,,,,
R-I1-wrong_attempt-M2,I1:wrong_attempt,"Prove that if \(f\) is continuous on \([0,1]\), then \(\int_0^1 f(x)\,dx=\int_0^1 f(1-x)\,dx\).",zh,"In the right-hand integral set u=1-x, so du=-dx. As x goes from 0 to 1, u goes from 1 to 0. Therefore integral_0^1 f(1-x) dx = integral_1^0 f(u)(-du)=integral_0^1 f(u)du, which is the left-hand integral after renaming u.","在被積函數中把 x 換成 1-x。因為積分區間仍是 [0,1]，兩個積分自動相等。",代換時還必須處理微分與上下限反向，不能只靠更換符號就宣稱相等。,"[""學生聲稱「積分區間仍是 [0,1]」，但未說明變數替換後區間實際為 [1,0] 而非 [0,1]"",""學生未證明被積函數 f(1-x) 與 f(x) 通過變數替換相關，因此兩個積分相等""]",,,,,,
R-I1-wrong_attempt-M3,I1:wrong_attempt,"Prove that if \(f\) is continuous on \([0,1]\), then \(\int_0^1 f(x)\,dx=\int_0^1 f(1-x)\,dx\).",zh,"In the right-hand integral set u=1-x, so du=-dx. As x goes from 0 to 1, u goes from 1 to 0. Therefore integral_0^1 f(1-x) dx = integral_1^0 f(u)(-du)=integral_0^1 f(u)du, which is the left-hand integral after renaming u.","在被積函數中把 x 換成 1-x。因為積分區間仍是 [0,1]，兩個積分自動相等。",代換時還必須處理微分與上下限反向，不能只靠更換符號就宣稱相等。,"[""學生未進行變數代換的正式設定，缺少變數代換的步驟與變數範圍變化說明，導致缺乏嚴謹性；\n\""x 換成 1-x\"" 的說法未明確指出變數代換過程，也未說明如何處理 dx 和積分限的變化；\n未提及變數代換後的積分限從 [0,1] 變為 [1,0] 並利用 du = -dx 來翻轉積分限；\n未明確指出變數重命名（如 u）與原積分的等價性，因此缺乏對等積分的嚴格推導。""]",,,,,,
R-I2-wrong_attempt-M1,I2:wrong_attempt,"Prove that if \(f\) is continuous on \([a,b]\), \(\int_a^b f(x)\,dx=0\), and \(f(x)\ge 0\) for all \(x\), then \(f(x)=0\) for all \(x\in[a,b]\).",zh,"Suppose f(x_0)>0 for some x_0. By continuity, f(x)>=f(x_0)/2 on a nondegenerate one-sided or two-sided interval around x_0 contained in [a,b]. Since f is nonnegative elsewhere, the integral over [a,b] is then strictly positive, contradicting that it is zero. Hence no such x_0 exists and f is identically zero.",積分平均值是零，所以積分中值定理給出某個 c 使 f(c)=0。再由連續性可得所有 x 都有 f(x)=0。,連續非負函數只有一個零點並不能推出恆為零；必須假設存在正值點，再用其正值鄰域導出積分為正。,[「中間值定理給出 f(c)=0」這個結論本身並不能推出「f 全零」，因為 f 可能只在一點為零而別處正。要靠連續性才能從 f(c)=0 推到 f 全零，但這一步你自己跳過了。'],,,,,,
R-I2-wrong_attempt-M2,I2:wrong_attempt,"Prove that if \(f\) is continuous on \([a,b]\), \(\int_a^b f(x)\,dx=0\), and \(f(x)\ge 0\) for all \(x\), then \(f(x)=0\) for all \(x\in[a,b]\).",zh,"Suppose f(x_0)>0 for some x_0. By continuity, f(x)>=f(x_0)/2 on a nondegenerate one-sided or two-sided interval around x_0 contained in [a,b]. Since f is nonnegative elsewhere, the integral over [a,b] is then strictly positive, contradicting that it is zero. Hence no such x_0 exists and f is identically zero.",積分平均值是零，所以積分中值定理給出某個 c 使 f(c)=0。再由連續性可得所有 x 都有 f(x)=0。,連續非負函數只有一個零點並不能推出恆為零；必須假設存在正值點，再用其正值鄰域導出積分為正。,"[""在步驟「再由連續性可得所有 x 都有 f(x)=0」中，缺了 f(x) \geq 0 這個條件""]",,,,,,
R-I2-wrong_attempt-M3,I2:wrong_attempt,"Prove that if \(f\) is continuous on \([a,b]\), \(\int_a^b f(x)\,dx=0\), and \(f(x)\ge 0\) for all \(x\), then \(f(x)=0\) for all \(x\in[a,b]\).",zh,"Suppose f(x_0)>0 for some x_0. By continuity, f(x)>=f(x_0)/2 on a nondegenerate one-sided or two-sided interval around x_0 contained in [a,b]. Since f is nonnegative elsewhere, the integral over [a,b] is then strictly positive, contradicting that it is zero. Hence no such x_0 exists and f is identically zero.",積分平均值是零，所以積分中值定理給出某個 c 使 f(c)=0。再由連續性可得所有 x 都有 f(x)=0。,連續非負函數只有一個零點並不能推出恆為零；必須假設存在正值點，再用其正值鄰域導出積分為正。,"[""學生誤用積分中值定理得出 f(c)=0，但此結論僅表示存在某點 c 使得 f(c)=0，並不能推出 f(x)=0 對所有 x 成立；且未考慮 f(x)≥0 的條件與連續性結合下 f(x)=0 的唯一可能性。"", ""未使用題設中 f(x)≥0 和連續性來推導矛盾，也未處理 f(x)>0 的反證法結構，缺少對正函數積分為零的關鍵分析。""]",,,,,,
R-I3-high_logic-M1,I3:high_logic,"Prove that if \(f\) is continuous on \([a,b]\) and \(\int_a^b f(x)g(x)\,dx=0\) for every continuous function \(g\), then \(f(x)=0\) for all \(x\in[a,b]\).",zh,"The hypothesis holds for every continuous g, so choose g=f. Then integral_a^b f(x)^2 dx=0. The function f^2 is continuous and nonnegative. If f(x_0) were nonzero, continuity would make f^2 bounded below by a positive number on a nondegenerate neighborhood of x_0, forcing the integral to be positive. Thus f(x)=0 everywhere.",取 g(x)=sign(f(x))，則假設給出 integral_a^b |f(x)| dx=0，所以 f=0。,sign(f) 在零點可能不連續，因此未必是允許的測試函數；合法的連續選擇是 g=f。,"[""學生在選擇 $g(x) = \text{sign}(f(x))$ 時，未證明 $g$ 連續；事實上，$\text{sign}(f)$ 可能不連續（例如，當 $f$ 在 $(a,b)$ 內變號時）。""]",,,,,,
R-I3-high_logic-M2,I3:high_logic,"Prove that if \(f\) is continuous on \([a,b]\) and \(\int_a^b f(x)g(x)\,dx=0\) for every continuous function \(g\), then \(f(x)=0\) for all \(x\in[a,b]\).",zh,"The hypothesis holds for every continuous g, so choose g=f. Then integral_a^b f(x)^2 dx=0. The function f^2 is continuous and nonnegative. If f(x_0) were nonzero, continuity would make f^2 bounded below by a positive number on a nondegenerate neighborhood of x_0, forcing the integral to be positive. Thus f(x)=0 everywhere.",取 g(x)=sign(f(x))，則假設給出 integral_a^b |f(x)| dx=0，所以 f=0。,sign(f) 在零點可能不連續，因此未必是允許的測試函數；合法的連續選擇是 g=f。,"[ ""sign(f)"" 不連續，故不能當 g；題假設 g 必須連續，此舉違背前提。 ]",,,,,,
R-I3-high_logic-M3,I3:high_logic,"Prove that if \(f\) is continuous on \([a,b]\) and \(\int_a^b f(x)g(x)\,dx=0\) for every continuous function \(g\), then \(f(x)=0\) for all \(x\in[a,b]\).",zh,"The hypothesis holds for every continuous g, so choose g=f. Then integral_a^b f(x)^2 dx=0. The function f^2 is continuous and nonnegative. If f(x_0) were nonzero, continuity would make f^2 bounded below by a positive number on a nondegenerate neighborhood of x_0, forcing the integral to be positive. Thus f(x)=0 everywhere.",取 g(x)=sign(f(x))，則假設給出 integral_a^b |f(x)| dx=0，所以 f=0。,sign(f) 在零點可能不連續，因此未必是允許的測試函數；合法的連續選擇是 g=f。,"[""The student chose $g(x) = \text{sign}(f(x))$, which is not continuous, contradicting the hypothesis that $g$ must be continuous; thus this choice is invalid and violates the premise of the problem."" ]",,,,,,
R-I3-high_logic_en-M1,I3:high_logic_en,"Prove that if \(f\) is continuous on \([a,b]\) and \(\int_a^b f(x)g(x)\,dx=0\) for every continuous function \(g\), then \(f(x)=0\) for all \(x\in[a,b]\).",en,"The hypothesis holds for every continuous g, so choose g=f. Then integral_a^b f(x)^2 dx=0. The function f^2 is continuous and nonnegative. If f(x_0) were nonzero, continuity would make f^2 bounded below by a positive number on a nondegenerate neighborhood of x_0, forcing the integral to be positive. Thus f(x)=0 everywhere.","Choose g(x)=sign(f(x)). Then the hypothesis gives integral_a^b |f(x)| dx=0, so f=0.",sign(f) need not be continuous at zeros and therefore may not be an admissible test function; g=f is the valid continuous choice.,"[""sign(f) is not continuous — it can't serve as the test function""]",,,,,,
R-I3-high_logic_en-M2,I3:high_logic_en,"Prove that if \(f\) is continuous on \([a,b]\) and \(\int_a^b f(x)g(x)\,dx=0\) for every continuous function \(g\), then \(f(x)=0\) for all \(x\in[a,b]\).",en,"The hypothesis holds for every continuous g, so choose g=f. Then integral_a^b f(x)^2 dx=0. The function f^2 is continuous and nonnegative. If f(x_0) were nonzero, continuity would make f^2 bounded below by a positive number on a nondegenerate neighborhood of x_0, forcing the integral to be positive. Thus f(x)=0 everywhere.","Choose g(x)=sign(f(x)). Then the hypothesis gives integral_a^b |f(x)| dx=0, so f=0.",sign(f) need not be continuous at zeros and therefore may not be an admissible test function; g=f is the valid continuous choice.,"[""The student chose $g(x) = \text{sign}(f(x))$, which is not continuous unless $f(x) = 0$ everywhere, violating the requirement that $g$ must be continuous""]",,,,,,
R-I3-high_logic_en-M3,I3:high_logic_en,"Prove that if \(f\) is continuous on \([a,b]\) and \(\int_a^b f(x)g(x)\,dx=0\) for every continuous function \(g\), then \(f(x)=0\) for all \(x\in[a,b]\).",en,"The hypothesis holds for every continuous g, so choose g=f. Then integral_a^b f(x)^2 dx=0. The function f^2 is continuous and nonnegative. If f(x_0) were nonzero, continuity would make f^2 bounded below by a positive number on a nondegenerate neighborhood of x_0, forcing the integral to be positive. Thus f(x)=0 everywhere.","Choose g(x)=sign(f(x)). Then the hypothesis gives integral_a^b |f(x)| dx=0, so f=0.",sign(f) need not be continuous at zeros and therefore may not be an admissible test function; g=f is the valid continuous choice.,"[
  ""The function sign(f(x)) is not necessarily continuous, even if f is continuous, so it does not satisfy the hypothesis that g must be continuous."",
  ""The choice of g(x) = sign(f(x)) is invalid because sign(f(x)) is not continuous in general (e.g., at zeros of f), and thus cannot be used in the given hypothesis which requires g to be continuous.""
]",,,,,,
R-I3-wrong_attempt-M1,I3:wrong_attempt,"Prove that if \(f\) is continuous on \([a,b]\) and \(\int_a^b f(x)g(x)\,dx=0\) for every continuous function \(g\), then \(f(x)=0\) for all \(x\in[a,b]\).",zh,"The hypothesis holds for every continuous g, so choose g=f. Then integral_a^b f(x)^2 dx=0. The function f^2 is continuous and nonnegative. If f(x_0) were nonzero, continuity would make f^2 bounded below by a positive number on a nondegenerate neighborhood of x_0, forcing the integral to be positive. Thus f(x)=0 everywhere.",取 g(x)=1，就有 integral_a^b f(x) dx=0，因此每個 x 都有 f(x)=0。,連續函數的積分可以為零而函數不恆為零；應利用『每個 g』這個量詞選取 g=f。,"[""The student incorrectly concludes that ∫_a^b f(x) dx = 0 implies f(x) = 0 for all x, without justification or use of continuity; this step lacks mathematical validity as the average value being zero does not imply pointwise zero."" ]",,,,,,
R-I3-wrong_attempt-M2,I3:wrong_attempt,"Prove that if \(f\) is continuous on \([a,b]\) and \(\int_a^b f(x)g(x)\,dx=0\) for every continuous function \(g\), then \(f(x)=0\) for all \(x\in[a,b]\).",zh,"The hypothesis holds for every continuous g, so choose g=f. Then integral_a^b f(x)^2 dx=0. The function f^2 is continuous and nonnegative. If f(x_0) were nonzero, continuity would make f^2 bounded below by a positive number on a nondegenerate neighborhood of x_0, forcing the integral to be positive. Thus f(x)=0 everywhere.",取 g(x)=1，就有 integral_a^b f(x) dx=0，因此每個 x 都有 f(x)=0。,連續函數的積分可以為零而函數不恆為零；應利用『每個 g』這個量詞選取 g=f。,取常函數 $g=1$ 得 $\int f=0$，這只保證平均值為零，不能推出每點為零。要證每點為零，需取 $g$ 為局部鄰域指標函數，才能把單點值傳到積分。,,,,,,
R-I3-wrong_attempt-M3,I3:wrong_attempt,"Prove that if \(f\) is continuous on \([a,b]\) and \(\int_a^b f(x)g(x)\,dx=0\) for every continuous function \(g\), then \(f(x)=0\) for all \(x\in[a,b]\).",zh,"The hypothesis holds for every continuous g, so choose g=f. Then integral_a^b f(x)^2 dx=0. The function f^2 is continuous and nonnegative. If f(x_0) were nonzero, continuity would make f^2 bounded below by a positive number on a nondegenerate neighborhood of x_0, forcing the integral to be positive. Thus f(x)=0 everywhere.",取 g(x)=1，就有 integral_a^b f(x) dx=0，因此每個 x 都有 f(x)=0。,連續函數的積分可以為零而函數不恆為零；應利用『每個 g』這個量詞選取 g=f。,"[""由 $ \int_a^b f(x)  dx = 0 $ 推 $ f(x) = 0 $ 對所有 $ x $ 成立 却沒說明 $ f $ 非負""]",,,,,,
R-L1-wrong_attempt-M1,L1:wrong_attempt,"Prove that if \(a_n\to 0\) and \((b_n)\) is bounded, then \(a_nb_n\to 0\).",zh,"Choose M>=0 with |b_n|<=M for every n. If M=0 the result is immediate. Otherwise, given epsilon>0, choose N so that n>=N implies |a_n|<epsilon/M. Then |a_n b_n|<=M|a_n|<epsilon. Therefore a_n b_n tends to zero.",由極限的乘法法則，lim(a_n b_n)=(lim a_n)(lim b_n)=0，所以乘積趨近零。,有界數列 b_n 未必有極限，因此不能用這種形式的乘法法則。,"[""學生引用極限的乘法法則時，未驗證序列 (b_n) 是否收斂（題目中 (b_n) 只是 bounded，不一定收斂）""]",,,,,,
R-L1-wrong_attempt-M2,L1:wrong_attempt,"Prove that if \(a_n\to 0\) and \((b_n)\) is bounded, then \(a_nb_n\to 0\).",zh,"Choose M>=0 with |b_n|<=M for every n. If M=0 the result is immediate. Otherwise, given epsilon>0, choose N so that n>=N implies |a_n|<epsilon/M. Then |a_n b_n|<=M|a_n|<epsilon. Therefore a_n b_n tends to zero.",由極限的乘法法則，lim(a_n b_n)=(lim a_n)(lim b_n)=0，所以乘積趨近零。,有界數列 b_n 未必有極限，因此不能用這種形式的乘法法則。,引用乘法法則需要先驗證兩序列都收斂，這裡只知其中一個收斂到零、另一個有界但未必收斂。故此步驟無效。,,,,,,
R-L1-wrong_attempt-M3,L1:wrong_attempt,"Prove that if \(a_n\to 0\) and \((b_n)\) is bounded, then \(a_nb_n\to 0\).",zh,"Choose M>=0 with |b_n|<=M for every n. If M=0 the result is immediate. Otherwise, given epsilon>0, choose N so that n>=N implies |a_n|<epsilon/M. Then |a_n b_n|<=M|a_n|<epsilon. Therefore a_n b_n tends to zero.",由極限的乘法法則，lim(a_n b_n)=(lim a_n)(lim b_n)=0，所以乘積趨近零。,有界數列 b_n 未必有極限，因此不能用這種形式的乘法法則。,"[""學生錯誤地假設了 lim(b_n) 存在，但題目僅知 (b_n) 界定，並未說它有極限；因此不能套用極限的乘法法則。""]",,,,,,
R-L2-wrong_attempt-M1,L2:wrong_attempt,"Prove that if \(a_n\to L\) and \(f\) is continuous at \(L\), then \(f(a_n)\to f(L)\).",zh,"Let epsilon>0. Continuity of f at L gives delta>0 such that |x-L|<delta implies |f(x)-f(L)|<epsilon. Since a_n->L, there is N such that n>=N implies |a_n-L|<delta. Hence n>=N implies |f(a_n)-f(L)|<epsilon, proving the desired convergence.",因為 a_n 趨近 L，所以最後 a_n 會等於 L，因此最後 f(a_n)=f(L)，這就證明了收斂。,收斂不表示最終相等；必須把連續性給出的 delta 與數列尾端估計結合。,"[""學生的論證錯誤地假設了 $a_n$ 最後會等於 $L$，但數列趨近於 $L$ 不表示它會達到 $L$，例如 $a_n = L - \frac{1}{n}$ 會趨近於 $L$ 但從不等於 $L$；此處缺乏對數列極限行為的正確理解。""]",,,,,,
R-L2-wrong_attempt-M2,L2:wrong_attempt,"Prove that if \(a_n\to L\) and \(f\) is continuous at \(L\), then \(f(a_n)\to f(L)\).",zh,"Let epsilon>0. Continuity of f at L gives delta>0 such that |x-L|<delta implies |f(x)-f(L)|<epsilon. Since a_n->L, there is N such that n>=N implies |a_n-L|<delta. Hence n>=N implies |f(a_n)-f(L)|<epsilon, proving the desired convergence.",因為 a_n 趨近 L，所以最後 a_n 會等於 L，因此最後 f(a_n)=f(L)，這就證明了收斂。,收斂不表示最終相等；必須把連續性給出的 delta 與數列尾端估計結合。,這是對極限的嚴重誤解：趨近不意味「最後等於」。教訓：連續性要靠「任意接近」而非「最終相等」來傳遞。,,,,,,
R-L2-wrong_attempt-M3,L2:wrong_attempt,"Prove that if \(a_n\to L\) and \(f\) is continuous at \(L\), then \(f(a_n)\to f(L)\).",zh,"Let epsilon>0. Continuity of f at L gives delta>0 such that |x-L|<delta implies |f(x)-f(L)|<epsilon. Since a_n->L, there is N such that n>=N implies |a_n-L|<delta. Hence n>=N implies |f(a_n)-f(L)|<epsilon, proving the desired convergence.",因為 a_n 趨近 L，所以最後 a_n 會等於 L，因此最後 f(a_n)=f(L)，這就證明了收斂。,收斂不表示最終相等；必須把連續性給出的 delta 與數列尾端估計結合。,"[""學生錯誤地假設序列 \(a_n\) 最終會等於 \(L\)，但序列收斂到 \(L\) 不保證會達到 \(L\)（例如，序列 \(a_n = L + \frac{1}{n}\) 收斂到 \(L\) 但對所有 \(n\) 有 \(a_n \neq L\)）""]",,,,,,
R-L3-high_logic-M1,L3:high_logic,"Prove that if \(f\) is continuous on \([0,1]\), then \(\lim_{n\to\infty}\int_0^1 f(x)x^n\,dx=0\).",zh,"Continuity on [0,1] makes f bounded: |f(x)|<=M. Therefore |integral_0^1 f(x)x^n dx|<=integral_0^1 |f(x)|x^n dx<=M integral_0^1 x^n dx=M/(n+1). The last quantity tends to zero, so the squeeze theorem gives the result.","對每個 x in [0,1]，x^n 都趨近零，所以 f(x)x^n 逐點趨近零；逐點收斂一定允許交換極限與積分。",x=1 時逐點極限不是零，而且逐點收斂本身不足以交換極限與積分；有界性可給出初等積分估計。,"逐點收斂不能保證可交換極限與積分，除非有額外假設（如一致收斂或可積性）。這裡 $x^n$ 在 $[0,1)$ 收斂到 $0$、在 $1$ 為 $1$，逐點收斂不一致，故不能交換。",,,,,,
R-L3-high_logic-M2,L3:high_logic,"Prove that if \(f\) is continuous on \([0,1]\), then \(\lim_{n\to\infty}\int_0^1 f(x)x^n\,dx=0\).",zh,"Continuity on [0,1] makes f bounded: |f(x)|<=M. Therefore |integral_0^1 f(x)x^n dx|<=integral_0^1 |f(x)|x^n dx<=M integral_0^1 x^n dx=M/(n+1). The last quantity tends to zero, so the squeeze theorem gives the result.","對每個 x in [0,1]，x^n 都趨近零，所以 f(x)x^n 逐點趨近零；逐點收斂一定允許交換極限與積分。",x=1 時逐點極限不是零，而且逐點收斂本身不足以交換極限與積分；有界性可給出初等積分估計。,"[
  ""學生草稿中斷言「逐點收斂一定允許交換極限與積分」，但未驗證此交換是否成立，也未提及函數的可積性或統一收斂條件，屬於缺少必要前提的依據。"",
  ""學生未利用連續性推出 f 在 [0,1] 上有界，這是證明中不可或缺的步驟，且未說明如何從連續性推出有界性。"",
  ""學生未處理 x=1 的情況，當 x=1 時 x^n=1，f(1) 是常數，若 f 不為零，則 f(x)x^n 在 x=1 处不會趨於零，因此僅依逐點趨近無法得出整體積分趨於零，缺乏對積分行為的控制。""
]",,,,,,
R-L3-high_logic-M3,L3:high_logic,"Prove that if \(f\) is continuous on \([0,1]\), then \(\lim_{n\to\infty}\int_0^1 f(x)x^n\,dx=0\).",zh,"Continuity on [0,1] makes f bounded: |f(x)|<=M. Therefore |integral_0^1 f(x)x^n dx|<=integral_0^1 |f(x)|x^n dx<=M integral_0^1 x^n dx=M/(n+1). The last quantity tends to zero, so the squeeze theorem gives the result.","對每個 x in [0,1]，x^n 都趨近零，所以 f(x)x^n 逐點趨近零；逐點收斂一定允許交換極限與積分。",x=1 時逐點極限不是零，而且逐點收斂本身不足以交換極限與積分；有界性可給出初等積分估計。,"[""在斷言 '對每個 x in [0,1]，x^n 都趨近零' 時，未考慮 x=1 的情況，因為在 x=1 時 x^n =1 不趨近於 0"",""從此推斷 f(x)x^n 逐點收斂到零 時，未說明在 x=1 處 f(x)x^n = f(1) 不趨近於 0（除非 f(1)=0）"",""聲稱 '逐點收斂一定允許交換極限與積分' 時，未提及需要一致收斂等條件，而逐點收斂本身不保證交換極限和積分""]",,,,,,
R-L3-high_logic_en-M1,L3:high_logic_en,"Prove that if \(f\) is continuous on \([0,1]\), then \(\lim_{n\to\infty}\int_0^1 f(x)x^n\,dx=0\).",en,"Continuity on [0,1] makes f bounded: |f(x)|<=M. Therefore |integral_0^1 f(x)x^n dx|<=integral_0^1 |f(x)|x^n dx<=M integral_0^1 x^n dx=M/(n+1). The last quantity tends to zero, so the squeeze theorem gives the result.","For every x in [0,1], x^n tends to zero, so f(x)x^n tends pointwise to zero. Pointwise convergence always permits exchanging limit and integral.","At x=1 the pointwise limit is not zero, and pointwise convergence alone does not justify interchanging limit and integral; boundedness gives an elementary integral estimate.","[""Pointwise convergence does NOT permit limit-integral exchange without extra hypotheses — DCT needs it. Here $f$ isn't necessarily integrable or monotone, so you can't cite it freely.""]",,,,,,
R-L3-high_logic_en-M2,L3:high_logic_en,"Prove that if \(f\) is continuous on \([0,1]\), then \(\lim_{n\to\infty}\int_0^1 f(x)x^n\,dx=0\).",en,"Continuity on [0,1] makes f bounded: |f(x)|<=M. Therefore |integral_0^1 f(x)x^n dx|<=integral_0^1 |f(x)|x^n dx<=M integral_0^1 x^n dx=M/(n+1). The last quantity tends to zero, so the squeeze theorem gives the result.","For every x in [0,1], x^n tends to zero, so f(x)x^n tends pointwise to zero. Pointwise convergence always permits exchanging limit and integral.","At x=1 the pointwise limit is not zero, and pointwise convergence alone does not justify interchanging limit and integral; boundedness gives an elementary integral estimate.","[
  ""The claim that pointwise convergence always permits exchanging limit and integral is false without additional conditions (such as uniform convergence or dominated convergence)."",
  ""The student draft fails to justify the interchange of limit and integral, which is essential for proving the limit of the integral equals the integral of the limit."",
  ""The argument does not address the continuity of f or use the boundedness of f on [0,1], which is necessary to establish convergence to zero.""
]",,,,,,
R-L3-high_logic_en-M3,L3:high_logic_en,"Prove that if \(f\) is continuous on \([0,1]\), then \(\lim_{n\to\infty}\int_0^1 f(x)x^n\,dx=0\).",en,"Continuity on [0,1] makes f bounded: |f(x)|<=M. Therefore |integral_0^1 f(x)x^n dx|<=integral_0^1 |f(x)|x^n dx<=M integral_0^1 x^n dx=M/(n+1). The last quantity tends to zero, so the squeeze theorem gives the result.","For every x in [0,1], x^n tends to zero, so f(x)x^n tends pointwise to zero. Pointwise convergence always permits exchanging limit and integral.","At x=1 the pointwise limit is not zero, and pointwise convergence alone does not justify interchanging limit and integral; boundedness gives an elementary integral estimate.","[""Pointwise convergence does not always permit exchanging limit and integral; additional conditions are required.""]",,,,,,
R-L3-wrong_attempt-M1,L3:wrong_attempt,"Prove that if \(f\) is continuous on \([0,1]\), then \(\lim_{n\to\infty}\int_0^1 f(x)x^n\,dx=0\).",zh,"Continuity on [0,1] makes f bounded: |f(x)|<=M. Therefore |integral_0^1 f(x)x^n dx|<=integral_0^1 |f(x)|x^n dx<=M integral_0^1 x^n dx=M/(n+1). The last quantity tends to zero, so the squeeze theorem gives the result.","函數 x^n 在 [0,1] 上一致收斂到零，所以 f(x)x^n 也一致收斂到零，並可把極限移入積分。","x^n 在 [0,1] 上不一致收斂到零，因為 x=1 時始終為 1；需要直接估計 M/(n+1)。","[""學生聲稱 x^n 在 [0,1] 上一致收斂到零，但這斷言不成立，因為在 x=1 處，x^n =1 對所有 n 成立，故極限為 1 而非 0。""]",,,,,,
R-L3-wrong_attempt-M2,L3:wrong_attempt,"Prove that if \(f\) is continuous on \([0,1]\), then \(\lim_{n\to\infty}\int_0^1 f(x)x^n\,dx=0\).",zh,"Continuity on [0,1] makes f bounded: |f(x)|<=M. Therefore |integral_0^1 f(x)x^n dx|<=integral_0^1 |f(x)|x^n dx<=M integral_0^1 x^n dx=M/(n+1). The last quantity tends to zero, so the squeeze theorem gives the result.","函數 x^n 在 [0,1] 上一致收斂到零，所以 f(x)x^n 也一致收斂到零，並可把極限移入積分。","x^n 在 [0,1] 上不一致收斂到零，因為 x=1 時始終為 1；需要直接估計 M/(n+1)。","[""學生草稿錯誤地假設了 $f(x)x^n$ 一致收斂於零，但此結論僅在 $f$ 為連續函數時才可能成立，而實際上 $f(x)x^n$ 的收斂性取決於 $f$ 的行為，例如若 $f(1)\ne0$，則 $f(x)x^n$ 在 $x=1$ 附近不會一致趨向零；此外，連續函數在閉區間上不一定能保證乘積函數一致收斂，因此不能直接使用一致收斂來移動極限。""]",,,,,,
R-L3-wrong_attempt-M3,L3:wrong_attempt,"Prove that if \(f\) is continuous on \([0,1]\), then \(\lim_{n\to\infty}\int_0^1 f(x)x^n\,dx=0\).",zh,"Continuity on [0,1] makes f bounded: |f(x)|<=M. Therefore |integral_0^1 f(x)x^n dx|<=integral_0^1 |f(x)|x^n dx<=M integral_0^1 x^n dx=M/(n+1). The last quantity tends to zero, so the squeeze theorem gives the result.","函數 x^n 在 [0,1] 上一致收斂到零，所以 f(x)x^n 也一致收斂到零，並可把極限移入積分。","x^n 在 [0,1] 上不一致收斂到零，因為 x=1 時始終為 1；需要直接估計 M/(n+1)。",[「一致收斂」需要 $f$ 是連續、區間有界，這裡只有連續，未必一致。故不能直接引用一致收斂。'],,,,,,
R-S1-wrong_attempt-M1,S1:wrong_attempt,"Prove that if \(\sum a_n\) converges absolutely and \((b_n)\) is bounded, then \(\sum a_nb_n\) converges absolutely.",zh,"Because (b_n) is bounded, there is M>=0 such that |b_n|<=M for all n. Hence |a_n b_n|<=M|a_n|. Since sum |a_n| converges, the comparison test gives convergence of sum |a_n b_n|. Thus sum a_n b_n converges absolutely.",有界數列 b_n 必收斂到某個 B，因此 a_n b_n 的行為像 B a_n，所以級數絕對收斂。,有界不代表收斂；應使用一致上界並比較 |a_n b_n| 與 |a_n|。,"[""學生錯誤地假設有界數列 $(b_n)$ 必收斂，這是錯誤的；有界數列不一定收斂，例如 $b_n = (-1)^n$ 是有界的但不收斂。""]",,,,,,
R-S1-wrong_attempt-M2,S1:wrong_attempt,"Prove that if \(\sum a_n\) converges absolutely and \((b_n)\) is bounded, then \(\sum a_nb_n\) converges absolutely.",zh,"Because (b_n) is bounded, there is M>=0 such that |b_n|<=M for all n. Hence |a_n b_n|<=M|a_n|. Since sum |a_n| converges, the comparison test gives convergence of sum |a_n b_n|. Thus sum a_n b_n converges absolutely.",有界數列 b_n 必收斂到某個 B，因此 a_n b_n 的行為像 B a_n，所以級數絕對收斂。,有界不代表收斂；應使用一致上界並比較 |a_n b_n| 與 |a_n|。,"[""學生錯誤地聲稱有界數列必收斂，但有界數列不一定收斂（例如數列 $(-1)^n$）"", ""學生假設 $b_n$ 收斂到某個 $B$ 但未證明 $b_n$ 收斂（題目僅給出 $b_n$ 有界，未給出收斂性）""]",,,,,,
R-S1-wrong_attempt-M3,S1:wrong_attempt,"Prove that if \(\sum a_n\) converges absolutely and \((b_n)\) is bounded, then \(\sum a_nb_n\) converges absolutely.",zh,"Because (b_n) is bounded, there is M>=0 such that |b_n|<=M for all n. Hence |a_n b_n|<=M|a_n|. Since sum |a_n| converges, the comparison test gives convergence of sum |a_n b_n|. Thus sum a_n b_n converges absolutely.",有界數列 b_n 必收斂到某個 B，因此 a_n b_n 的行為像 B a_n，所以級數絕對收斂。,有界不代表收斂；應使用一致上界並比較 |a_n b_n| 與 |a_n|。,[「有界不一定收斂」這個引理本身就需要證，不能當前提使用。],,,,,,
R-S2-wrong_attempt-M1,S2:wrong_attempt,"Prove that if a sequence \((x_n)\) is increasing and bounded above, then the sequence \((\sin x_n)\) need not be increasing, but it must have a convergent subsequence.",zh,"By monotone convergence, x_n converges to some ell. Continuity of sine gives sin(x_n)->sin(ell), so the entire sine sequence converges and therefore has a convergent subsequence. It need not be increasing: x_n=pi-1/n is increasing and bounded above by pi, while sin(x_n)=sin(1/n) is decreasing for n>=1.",因為 x_n 遞增且 sine 連續，所以 sin(x_n) 也遞增。它又有界，因此有收斂子數列。,連續性不保持單調性，而且 sine 並非在整條實數軸上遞增；收斂性應由 x_n 本身收斂推出。,"[""在 '所以 sin(x_n) 也遞增' 這一步，學生錯誤地斷言 $(\sin x_n)$ 必須遞增，但實際上不一定（例如 $x_n = \pi - 1/n$ 時 $(\sin x_n)$ 是遞減的）""]",,,,,,
R-S2-wrong_attempt-M2,S2:wrong_attempt,"Prove that if a sequence \((x_n)\) is increasing and bounded above, then the sequence \((\sin x_n)\) need not be increasing, but it must have a convergent subsequence.",zh,"By monotone convergence, x_n converges to some ell. Continuity of sine gives sin(x_n)->sin(ell), so the entire sine sequence converges and therefore has a convergent subsequence. It need not be increasing: x_n=pi-1/n is increasing and bounded above by pi, while sin(x_n)=sin(1/n) is decreasing for n>=1.",因為 x_n 遞增且 sine 連續，所以 sin(x_n) 也遞增。它又有界，因此有收斂子數列。,連續性不保持單調性，而且 sine 並非在整條實數軸上遞增；收斂性應由 x_n 本身收斂推出。,"[""遞增性並非連續傳遞：$\sin$ 在 $\pi$ 附近是遞減的，故不能由 $x_n$ 遞增推出 $\sin(x_n)$ 遞增。""]",,,,,,
R-S2-wrong_attempt-M3,S2:wrong_attempt,"Prove that if a sequence \((x_n)\) is increasing and bounded above, then the sequence \((\sin x_n)\) need not be increasing, but it must have a convergent subsequence.",zh,"By monotone convergence, x_n converges to some ell. Continuity of sine gives sin(x_n)->sin(ell), so the entire sine sequence converges and therefore has a convergent subsequence. It need not be increasing: x_n=pi-1/n is increasing and bounded above by pi, while sin(x_n)=sin(1/n) is decreasing for n>=1.",因為 x_n 遞增且 sine 連續，所以 sin(x_n) 也遞增。它又有界，因此有收斂子數列。,連續性不保持單調性，而且 sine 並非在整條實數軸上遞增；收斂性應由 x_n 本身收斂推出。,"[
  ""在第一步中，學生錯誤地斷言「因為 x_n 遞增且 sine 連續，所以 sin(x_n) 也遞增」，這是一個數學錯誤：連續函數不保留下列序列的遞增性，例如反例 x_n = π - 1/n 是遞增且有界的，但 sin(x_n) = sin(1/n) 是遞減的，因此此斷言不成立。"",
  ""學生提到「它又有界，因此有收斂子數列」，但未明確引用或引用 Bolzano-Weierstrass 定理的前提——即每一個有界數列都有收斂子數列——此處缺少必要的依據與前提陳述。""
]",,,,,,
R-S3-high_logic-M1,S3:high_logic,"Prove that if a power series \(\sum c_nx^n\) converges at \(x=r>0\), then it converges absolutely for every \(x\) with \(|x|<r\).",zh,"Convergence of sum c_n r^n implies the sequence c_n r^n is bounded, say |c_n r^n|<=M. Fix |x|<r and put q=|x|/r<1. Then |c_n x^n|=|c_n r^n|q^n<=M q^n. The geometric series sum M q^n converges, so comparison proves that sum |c_n x^n| converges.",使用比值判別法：|c_{n+1}x^{n+1}/(c_nx^n)|=|x|/r<1，因為級數在 r 收斂。,在 r 收斂不會給出 c_{n+1}/c_n 的極限，所寫的比值等式沒有依據；應使用 r 處項的有界性與幾何級數比較。,"[""學生草稿中未證明或陳述「級數在 r 收斂 implies c_n r^n 無界」這一關鍵事實，即未說明序列 c_n r^n 是有界的，這是證明中不可或缺的前提；\n\""使用比值判別法的步驟錯誤，因為比值判別法並不能直接從級數在 r 收斂推出 |c_{n+1}x^{n+1}/(c_nx^n)| < 1 對所有 |x|<r 成立，且未驗證比值判別法適用的前提條件（例如 c_n x^n 不為零）；\n學生未建立 |c_n x^n| ≤ M q^n 之類比關係，也未引用或構造與收斂半徑相關的有界性；\n未說明或陳述「c_n r^n 無界」的推導過程，僅憑「級數在 r 收斂」直接跳到比值判別法是邏輯上的缺漏；\n比值判別法的應用缺少對 n→∞ 時比值趨向於 |x|/r <1 的嚴謹驗證，且未說明此比值是否對所有 n 成立或是否能控制 c_n 的行為；\n未提及或證明 |c_n r^n| 是有界的，這正是參考證明中「boundedness」的核心，而此步驟在學生草稿中完全缺失。""]",,,,,,
R-S3-high_logic-M2,S3:high_logic,"Prove that if a power series \(\sum c_nx^n\) converges at \(x=r>0\), then it converges absolutely for every \(x\) with \(|x|<r\).",zh,"Convergence of sum c_n r^n implies the sequence c_n r^n is bounded, say |c_n r^n|<=M. Fix |x|<r and put q=|x|/r<1. Then |c_n x^n|=|c_n r^n|q^n<=M q^n. The geometric series sum M q^n converges, so comparison proves that sum |c_n x^n| converges.",使用比值判別法：|c_{n+1}x^{n+1}/(c_nx^n)|=|x|/r<1，因為級數在 r 收斂。,在 r 收斂不會給出 c_{n+1}/c_n 的極限，所寫的比值等式沒有依據；應使用 r 處項的有界性與幾何級數比較。,[Thinking 模型未產生可用的最終回答],,,,,,
R-S3-high_logic-M3,S3:high_logic,"Prove that if a power series \(\sum c_nx^n\) converges at \(x=r>0\), then it converges absolutely for every \(x\) with \(|x|<r\).",zh,"Convergence of sum c_n r^n implies the sequence c_n r^n is bounded, say |c_n r^n|<=M. Fix |x|<r and put q=|x|/r<1. Then |c_n x^n|=|c_n r^n|q^n<=M q^n. The geometric series sum M q^n converges, so comparison proves that sum |c_n x^n| converges.",使用比值判別法：|c_{n+1}x^{n+1}/(c_nx^n)|=|x|/r<1，因為級數在 r 收斂。,在 r 收斂不會給出 c_{n+1}/c_n 的極限，所寫的比值等式沒有依據；應使用 r 處項的有界性與幾何級數比較。,比值判別法需要項間比值趨向常數，但這裡只知比值趨向 $|x|/r$，未必趨向 $1$，故不能用。,,,,,,
R-S3-high_logic_en-M1,S3:high_logic_en,"Prove that if a power series \(\sum c_nx^n\) converges at \(x=r>0\), then it converges absolutely for every \(x\) with \(|x|<r\).",en,"Convergence of sum c_n r^n implies the sequence c_n r^n is bounded, say |c_n r^n|<=M. Fix |x|<r and put q=|x|/r<1. Then |c_n x^n|=|c_n r^n|q^n<=M q^n. The geometric series sum M q^n converges, so comparison proves that sum |c_n x^n| converges.",Apply the ratio test: |c_{n+1}x^{n+1}/(c_nx^n)|=|x|/r<1 because the series converges at r.,"Convergence at r gives no limit for c_{n+1}/c_n, so the displayed ratio equality is unjustified; bounded terms at r and geometric comparison are required.",The ratio test may fail to give convergence at some points (e.g. 1/n^2). This problem needs only absolute convergence — which test does the reference use?,,,,,,
R-S3-high_logic_en-M2,S3:high_logic_en,"Prove that if a power series \(\sum c_nx^n\) converges at \(x=r>0\), then it converges absolutely for every \(x\) with \(|x|<r\).",en,"Convergence of sum c_n r^n implies the sequence c_n r^n is bounded, say |c_n r^n|<=M. Fix |x|<r and put q=|x|/r<1. Then |c_n x^n|=|c_n r^n|q^n<=M q^n. The geometric series sum M q^n converges, so comparison proves that sum |c_n x^n| converges.",Apply the ratio test: |c_{n+1}x^{n+1}/(c_nx^n)|=|x|/r<1 because the series converges at r.,"Convergence at r gives no limit for c_{n+1}/c_n, so the displayed ratio equality is unjustified; bounded terms at r and geometric comparison are required.","[
  ""Ratio misstated: |x|/r instead of |x| * |c_{n+1}/c_n|"",
  ""Convergence at r does not imply ratio < 1""
]",,,,,,
R-S3-high_logic_en-M3,S3:high_logic_en,"Prove that if a power series \(\sum c_nx^n\) converges at \(x=r>0\), then it converges absolutely for every \(x\) with \(|x|<r\).",en,"Convergence of sum c_n r^n implies the sequence c_n r^n is bounded, say |c_n r^n|<=M. Fix |x|<r and put q=|x|/r<1. Then |c_n x^n|=|c_n r^n|q^n<=M q^n. The geometric series sum M q^n converges, so comparison proves that sum |c_n x^n| converges.",Apply the ratio test: |c_{n+1}x^{n+1}/(c_nx^n)|=|x|/r<1 because the series converges at r.,"Convergence at r gives no limit for c_{n+1}/c_n, so the displayed ratio equality is unjustified; bounded terms at r and geometric comparison are required.","[
  ""The student draft incorrectly applies the ratio test without justification. The convergence of a power series at a point does not imply that the ratio of consecutive terms tends to a limit less than 1; in fact, the ratio test may fail or be inconclusive for power series at the boundary of convergence. Moreover, the step '|x|/r < 1' is not valid reasoning — the ratio test requires the limit of |c_{n+1}/c_n| to exist, which is not given or justified from convergence at x = r."",
  ""The student draft fails to establish absolute convergence for |x| < r using any valid criterion such as boundedness of coefficients or comparison with a convergent geometric series.""
]",,,,,,
R-S3-wrong_attempt-M1,S3:wrong_attempt,"Prove that if a power series \(\sum c_nx^n\) converges at \(x=r>0\), then it converges absolutely for every \(x\) with \(|x|<r\).",zh,"Convergence of sum c_n r^n implies the sequence c_n r^n is bounded, say |c_n r^n|<=M. Fix |x|<r and put q=|x|/r<1. Then |c_n x^n|=|c_n r^n|q^n<=M q^n. The geometric series sum M q^n converges, so comparison proves that sum |c_n x^n| converges.",因為 c_n r^n 趨近零，所以級數 sum |c_n r^n| 收斂。又因 |x|<r，可立即得到 x 處的絕對收斂。,項趨近零不代表在 r 處絕對收斂；內部比較只需要 c_n r^n 有界。,[「趨近零」不能推出項被壓在常數之下，故無法比較；要先引用收斂序列有界。'],,,,,,
R-S3-wrong_attempt-M2,S3:wrong_attempt,"Prove that if a power series \(\sum c_nx^n\) converges at \(x=r>0\), then it converges absolutely for every \(x\) with \(|x|<r\).",zh,"Convergence of sum c_n r^n implies the sequence c_n r^n is bounded, say |c_n r^n|<=M. Fix |x|<r and put q=|x|/r<1. Then |c_n x^n|=|c_n r^n|q^n<=M q^n. The geometric series sum M q^n converges, so comparison proves that sum |c_n x^n| converges.",因為 c_n r^n 趨近零，所以級數 sum |c_n r^n| 收斂。又因 |x|<r，可立即得到 x 處的絕對收斂。,項趨近零不代表在 r 處絕對收斂；內部比較只需要 c_n r^n 有界。,"[
  ""在第一步中，由「c_n r^n 趨近零」無法推出「sum |c_n r^n| 收斂」，這是錯誤的邏輯跳躍；趨近於零的項並不能保證其級數收斂，例如 c_n = 1/log n，n log n 趨於無窮大但 c_n 趨於零，其級數可能發散。因此缺少對「c_n r^n 精確有界」的明確陳述，而這正是收斂所隱含的必要條件。"",
  ""學生未說明「c_n r^n 無限項和有界」這個關鍵事實，而此點是後續使用比較法的前提，屬於依據缺漏。"",
  ""在「|x|<r」時直接斷言「可立即得到 x 處的絕對收縮」，但未建立與 |x|<r 的關聯，也未構造出 |c_n x^n| ≤ M q^n 之類比結構，缺乏對比級數的明確構造與比較步驟。""
]",,,,,,
R-S3-wrong_attempt-M3,S3:wrong_attempt,"Prove that if a power series \(\sum c_nx^n\) converges at \(x=r>0\), then it converges absolutely for every \(x\) with \(|x|<r\).",zh,"Convergence of sum c_n r^n implies the sequence c_n r^n is bounded, say |c_n r^n|<=M. Fix |x|<r and put q=|x|/r<1. Then |c_n x^n|=|c_n r^n|q^n<=M q^n. The geometric series sum M q^n converges, so comparison proves that sum |c_n x^n| converges.",因為 c_n r^n 趨近零，所以級數 sum |c_n r^n| 收斂。又因 |x|<r，可立即得到 x 處的絕對收斂。,項趨近零不代表在 r 處絕對收斂；內部比較只需要 c_n r^n 有界。,"[""學生錯誤地斷言級數 ∑|c_n r^n| 收斂，但從 ∑c_n r^n 收斂無法推出此級數收斂（例如，條件收斂級數）"",""學生未明確陳述序列 |c_n r^n| 有界，因此無法推導出 |c_n x^n| 的上界""]",,,,,,
