condition,problem_id,gaps,issue_hit,response,raw_response,input_tokens,output_tokens,ttft_s,latency_s,truncated
Base-Instruct reviewer,N1,"['The choice of ε = 1 is insufficient to guarantee f(x) > 0; it may happen that L − 1 ≤ 0 even though L > 0, so the conclusion f(x) > 0 does not follow. The proof must use ε = L/2 (or any positive ε les']",True,"[
  ""The choice of ε = 1 is insufficient to guarantee f(x) > 0; it may happen that L − 1 ≤ 0 even though L > 0, so the conclusion f(x) > 0 does not follow. The proof must use ε = L/2 (or any positive ε less than L), to ensure that L − ε > 0 and thus f(x) > L − ε > 0. Choosing ε = 1 fails to verify the positivity of f(x) when L is small (e.g., L = 0.1).""
]","[
  ""The choice of ε = 1 is insufficient to guarantee f(x) > 0; it may happen that L − 1 ≤ 0 even though L > 0, so the conclusion f(x) > 0 does not follow. The proof must use ε = L/2 (or any positive ε less than L), to ensure that L − ε > 0 and thus f(x) > L − ε > 0. Choosing ε = 1 fails to verify the positivity of f(x) when L is small (e.g., L = 0.1).""
]<|im_end|>",644,124,0.10005376199978855,8.857825550000143,False
Base-Instruct reviewer,N2,"['The student incorrectly assumes that the average value of \\( f \\) over \\([a,b]\\) lies between \\( f(a) \\) and \\( f(b) \\), which is not true in general without additional assumptions; continuity alone d', 'The student fails to establish that the value \\( A = \\\\frac{1}{b-a} \\\\int_a^b f(x)\\\\,dx \\) equals \\( f(c) \\) for some \\( c \\\\in (a,b) \\) via a valid theorem — instead, they incorrectly apply the Inter', 'The student does not use the Fundamental Theorem of Calculus or any argument involving antiderivatives or the Mean Value Theorem for integrals, which are required to prove the existence of such a \\( c']",True,"[
  ""The student incorrectly assumes that the average value of \( f \) over \([a,b]\) lies between \( f(a) \) and \( f(b) \), which is not true in general without additional assumptions; continuity alone does not guarantee that the average value lies between \( f(a) \) and \( f(b) \)."",
  ""The student fails to establish that the value \( A = \\frac{1}{b-a} \\int_a^b f(x)\\,dx \) equals \( f(c) \) for some \( c \\in (a,b) \) via a valid theorem — instead, they incorrectly apply the Intermediate Value Theorem to the endpoints, which applies only to values between \( f(a) \) and \( f(b) \), not to the average value."",
  ""The student does not use the Fundamental Theorem of Calculus or any argument involving antiderivatives or the Mean Value Theorem for integrals, which are required to prove the existence of such a \( c \).""
]","[
  ""The student incorrectly assumes that the average value of \( f \) over \([a,b]\) lies between \( f(a) \) and \( f(b) \), which is not true in general without additional assumptions; continuity alone does not guarantee that the average value lies between \( f(a) \) and \( f(b) \)."",
  ""The student fails to establish that the value \( A = \\frac{1}{b-a} \\int_a^b f(x)\\,dx \) equals \( f(c) \) for some \( c \\in (a,b) \) via a valid theorem — instead, they incorrectly apply the Intermediate Value Theorem to the endpoints, which applies only to values between \( f(a) \) and \( f(b) \), not to the average value."",
  ""The student does not use the Fundamental Theorem of Calculus or any argument involving antiderivatives or the Mean Value Theorem for integrals, which are required to prove the existence of such a \( c \).""
]<|im_end|>",667,219,0.10259401999974216,15.540809083000113,False
Base-Instruct reviewer,N3,"[""Step: 'Since f(0)=f(2), we have g(0)=g(1)' is incorrect. It should be g(1)=f(1)-f(2)=f(1)-f(0), and g(0)=f(0)-f(1), so g(1) = -g(0), not equal to g(0). This assertion is false and leads to a wrong pre"", ""Step: 'By the Intermediate Value Theorem, g(c)=0 for some c in [0,1]' lacks justification — the student assumes IVT applies without verifying that g is continuous and that g(0) and g(1) have opposite ""]",True,"[
  ""Step: 'Since f(0)=f(2), we have g(0)=g(1)' is incorrect. It should be g(1)=f(1)-f(2)=f(1)-f(0), and g(0)=f(0)-f(1), so g(1) = -g(0), not equal to g(0). This assertion is false and leads to a wrong premise."",
  ""Step: 'By the Intermediate Value Theorem, g(c)=0 for some c in [0,1]' lacks justification — the student assumes IVT applies without verifying that g is continuous and that g(0) and g(1) have opposite signs or are zero. The continuity of g is not mentioned, and the sign condition is missing.""
]","[
  ""Step: 'Since f(0)=f(2), we have g(0)=g(1)' is incorrect. It should be g(1)=f(1)-f(2)=f(1)-f(0), and g(0)=f(0)-f(1), so g(1) = -g(0), not equal to g(0). This assertion is false and leads to a wrong premise."",
  ""Step: 'By the Intermediate Value Theorem, g(c)=0 for some c in [0,1]' lacks justification — the student assumes IVT applies without verifying that g is continuous and that g(0) and g(1) have opposite signs or are zero. The continuity of g is not mentioned, and the sign condition is missing.""
]<|im_end|>",715,168,0.10136763299988161,11.929962675999832,False
LoRA reviewer,N1,,True,"The choice $\varepsilon=1$ is too large and not optimal — it can't guarantee $f(x)$ stays above zero. With $L=0.1$, $f(x)>L-1=-0.9$ — negative! To guarantee positivity, $\varepsilon$ must be chosen smaller than $L$. Why is the reference proof's $\varepsilon=L/2$ better?","The choice $\varepsilon=1$ is too large and not optimal — it can't guarantee $f(x)$ stays above zero. With $L=0.1$, $f(x)>L-1=-0.9$ — negative! To guarantee positivity, $\varepsilon$ must be chosen smaller than $L$. Why is the reference proof's $\varepsilon=L/2$ better?<|im_end|>",644,85,0.15790073700009088,11.189971353999681,False
LoRA reviewer,N2,,True,"The argument is completely wrong — it's using the IVT on the values of $f$, not on the integral. The IVT applies to a continuous function taking values between two points, but here $A$ is an average value, not necessarily equal to some $f(c)$ — unless you prove $f$ attains its average value first. This problem requires the MVT, not the IVT.","The argument is completely wrong — it's using the IVT on the values of $f$, not on the integral. The IVT applies to a continuous function taking values between two points, but here $A$ is an average value, not necessarily equal to some $f(c)$ — unless you prove $f$ attains its average value first. This problem requires the MVT, not the IVT.<|im_end|>",667,84,0.15976309100005892,11.088191417999951,False
LoRA reviewer,N3,,True,"The step ""since $f(0)=f(2)$, we have $g(0)=g(1)$"" is not true — it's the opposite of what you need. $g(0)=f(0)-f(1)$, $g(1)=f(1)-f(2)$, and $f(0)=f(2)$ only gives $g(0)+g(1)=0$ (opposite signs), not equality. You must use the sign change to invoke IVT.","The step ""since $f(0)=f(2)$, we have $g(0)=g(1)$"" is not true — it's the opposite of what you need. $g(0)=f(0)-f(1)$, $g(1)=f(1)-f(2)$, and $f(0)=f(2)$ only gives $g(0)+g(1)=0$ (opposite signs), not equality. You must use the sign change to invoke IVT.<|im_end|>",715,110,0.16361333000031664,14.442351327000324,False
Base-Thinking reviewer,N1,,True,"首先，我需要仔細審閱學生的草稿，並對照參考解來找出問題。題目是：假設 $\lim_{x\to a} f(x)=L$ 且 $L>0$，用極限的定義證明 $f(x)>0$ 對所有足夠接近 $a$ 的 $x$ 成立。

參考解很清晰：取 $\epsilon = L/2 > 0$，然後找到 $\delta$ 使得當 $0 < |x-a| < \delta$ 時，$|f(x) - L| < L/ัง$，所以 $f(x) > L - L/2 = L/2 > 0$。

學生的草稿說：取 epsilon = 1。然後有 delta > 0 使得 $0 < |x-a| < \delta$ 意味著 $|f(x) - L| < 1$。因此 $f(x) > L - 1 > 0$ 因為 $L > 0$。

現在，我需要檢查這個草稿是否有錯誤或缺漏。

關鍵點：學生取了 $\epsilon = 1$，但這可能不正確，因為 $\epsilon$ 需要根據 $L$ 來選擇，以確保 $f(x)$ 為正。

在極限定義中，$\epsilon$ 是給定的正數，我們需要找到 $\delta$ 使得條件成立。但這裡，學生直接取 $\epsilon = 1$，而沒有考慮 $L$ 的大小。

例如，如果 $L = 0.1$，那麼 $L - 1 = -0.9 < 0$，所以 $f(x) > -0.9$，但這不保證 $f(x) > 0$。學生說 $f(x) > L - 1 > 0$，但 $L - 1$ 可能負，所以不成立。

具體來說，學生說 ""thus $f(x) > L - 1 > 0$""，但 $L - 1 > 0$ 只有當 $L > 1$ 時才成立。題目中只給 $L > 0$，但 $L$ 可能小於 1，比如 $L = 0.5$，那麼 $L - 1 = -0.5 < 0$，所以 $f(x) > -0.5$，但這不意味著 $f(x) > 0$。

此外，在極限定義中，$\epsilon$ 需要被選取得恰當，以確保下界為正。參考解選 $\epsilon = L/2$ 以確保 $L - \epsilon > 0$。

學生的草稿中，沒有驗證 $L - 1 > 0$。它假設 $L - 1 > 0$，但這不一定成立。

根據規則：數學錯誤包括斷言不成立、計算錯等。

這裡，學生的結論 $f(x) > L - 1 > 0$ 有問題，因為 $L - 1$ 可能負。

另外，規則2：依據缺漏——某一步結論依賴的事實沒有明說。

學生說 ""thus $f(x) > L - 1 > 0$""，但沒有說 $L - 1 > 0$。事實上，$L - 1 > 0$ 只有當 $L > 1$ 時才成立，但題目中 $","首先，我需要仔細審閱學生的草稿，並對照參考解來找出問題。題目是：假設 $\lim_{x\to a} f(x)=L$ 且 $L>0$，用極限的定義證明 $f(x)>0$ 對所有足夠接近 $a$ 的 $x$ 成立。

參考解很清晰：取 $\epsilon = L/2 > 0$，然後找到 $\delta$ 使得當 $0 < |x-a| < \delta$ 時，$|f(x) - L| < L/ัง$，所以 $f(x) > L - L/2 = L/2 > 0$。

學生的草稿說：取 epsilon = 1。然後有 delta > 0 使得 $0 < |x-a| < \delta$ 意味著 $|f(x) - L| < 1$。因此 $f(x) > L - 1 > 0$ 因為 $L > 0$。

現在，我需要檢查這個草稿是否有錯誤或缺漏。

關鍵點：學生取了 $\epsilon = 1$，但這可能不正確，因為 $\epsilon$ 需要根據 $L$ 來選擇，以確保 $f(x)$ 為正。

在極限定義中，$\epsilon$ 是給定的正數，我們需要找到 $\delta$ 使得條件成立。但這裡，學生直接取 $\epsilon = 1$，而沒有考慮 $L$ 的大小。

例如，如果 $L = 0.1$，那麼 $L - 1 = -0.9 < 0$，所以 $f(x) > -0.9$，但這不保證 $f(x) > 0$。學生說 $f(x) > L - 1 > 0$，但 $L - 1$ 可能負，所以不成立。

具體來說，學生說 ""thus $f(x) > L - 1 > 0$""，但 $L - 1 > 0$ 只有當 $L > 1$ 時才成立。題目中只給 $L > 0$，但 $L$ 可能小於 1，比如 $L = 0.5$，那麼 $L - 1 = -0.5 < 0$，所以 $f(x) > -0.5$，但這不意味著 $f(x) > 0$。

此外，在極限定義中，$\epsilon$ 需要被選取得恰當，以確保下界為正。參考解選 $\epsilon = L/2$ 以確保 $L - \epsilon > 0$。

學生的草稿中，沒有驗證 $L - 1 > 0$。它假設 $L - 1 > 0$，但這不一定成立。

根據規則：數學錯誤包括斷言不成立、計算錯等。

這裡，學生的結論 $f(x) > L - 1 > 0$ 有問題，因為 $L - 1$ 可能負。

另外，規則2：依據缺漏——某一步結論依賴的事實沒有明說。

學生說 ""thus $f(x) > L - 1 > 0$""，但沒有說 $L - 1 > 0$。事實上，$L - 1 > 0$ 只有當 $L > 1$ 時才成立，但題目中 $",646,768,0.09598676299992803,51.94276295100008,False
Base-Thinking reviewer,N2,,True,"首先，我需要仔細閱讀使用者提供的問題和學生的草稿。問題是證明：如果函數 $f$ 在區間 $[a,b]$ 上連續，其中 $a < b$，那麼存在 $c \in (a,b)$ 使得 $\int_a^b f(x)\,dx = f(c)(b-a)$。

參考證明是：定義 $F(t) = \int_a^t f(x)\,dx$。由於 $f$ 連續，根據微積分基本定理，$F$ 在 $[a,b]$ 上連續，可導於 $(a,b)$，且 $F'(t) = f(t)$。然後應用中值定理：存在 $c \in (a,b)$ 使得 $F(b) - F(a) = F'(c)(b-a)$。因為 $F(a) = 0$，所以 $\int_a^b f(x)\,dx = f(c)(b-a)$。

學生的草稿是：設 $A = \frac{1}{b-a} \int_a^b f(x) \, dx$。由於 $f$ 連續且 $A$ 介於 $f(a)$ 和 $f(b)$ 之間，中間值定理給出 $c \in (a,b)$ 使得 $f(c) = A$。學生問：這是否正確？

我的任務是作為數學系課程的證明審閱助教，嚴格檢查學生草稿的錯誤或缺漏，對照參考證明。要使用嚴格的教學標準，不能假設學生知道一些顯然的事實，必須明確指出缺漏。

首先，分析學生草稿：

- 學生定義 $A = \frac{1}{b-a} \int_a^b f(x) \, dx$。這看起來正確，但學生說 $A$ 介於 $f(a)$ 和 $f(b)$ 之間。這是關鍵點。

- 學生引用中間值定理（IVT）來說，因為 $f$ 連續且 $A$ 介於 $f(a)$ 和 $f(b)$ 之間，所以存在 $c$ 使得 $f(c) = A$。

但這裡有問題：中間值定理要求函數在閉區間上連續，且值介於端點之間。然而，學生說 $A$ 介於 $f(a)$ 和 $f(b)$ 之間，但這不一定成立！例如，如果 $f$ 是常數函數，那麼 $f(a) = f(b) = f(c)$，但 $A$ 等於 $f(a)$，所以介於之間可能成立，但一般情況下，對於連續函數，平均值不一定在 $f(a)$ 和 $f(b)$ 之間。

回想一下：對於連續函數在 $[a,b]$ 上，$\frac{1}{b-a} \int_a^b f(x) \, dx$ 的值不一定在 $f(a)$ 和 $f(b)$ 之間。實際上，它可能小於 $f(a)$ 或大於 $f(b)$，取決於函數的形狀。

例如，考慮 $f(x) = x$ 在 $[0,1]$ 上。則 $\int_0^1 x \, dx = \frac{1}{2}$，所以 $A = \frac{1}{1} \times \frac{1}{2} = 0.5$。$f(0) = 0$，$f(1) = 1$，","首先，我需要仔細閱讀使用者提供的問題和學生的草稿。問題是證明：如果函數 $f$ 在區間 $[a,b]$ 上連續，其中 $a < b$，那麼存在 $c \in (a,b)$ 使得 $\int_a^b f(x)\,dx = f(c)(b-a)$。

參考證明是：定義 $F(t) = \int_a^t f(x)\,dx$。由於 $f$ 連續，根據微積分基本定理，$F$ 在 $[a,b]$ 上連續，可導於 $(a,b)$，且 $F'(t) = f(t)$。然後應用中值定理：存在 $c \in (a,b)$ 使得 $F(b) - F(a) = F'(c)(b-a)$。因為 $F(a) = 0$，所以 $\int_a^b f(x)\,dx = f(c)(b-a)$。

學生的草稿是：設 $A = \frac{1}{b-a} \int_a^b f(x) \, dx$。由於 $f$ 連續且 $A$ 介於 $f(a)$ 和 $f(b)$ 之間，中間值定理給出 $c \in (a,b)$ 使得 $f(c) = A$。學生問：這是否正確？

我的任務是作為數學系課程的證明審閱助教，嚴格檢查學生草稿的錯誤或缺漏，對照參考證明。要使用嚴格的教學標準，不能假設學生知道一些顯然的事實，必須明確指出缺漏。

首先，分析學生草稿：

- 學生定義 $A = \frac{1}{b-a} \int_a^b f(x) \, dx$。這看起來正確，但學生說 $A$ 介於 $f(a)$ 和 $f(b)$ 之間。這是關鍵點。

- 學生引用中間值定理（IVT）來說，因為 $f$ 連續且 $A$ 介於 $f(a)$ 和 $f(b)$ 之間，所以存在 $c$ 使得 $f(c) = A$。

但這裡有問題：中間值定理要求函數在閉區間上連續，且值介於端點之間。然而，學生說 $A$ 介於 $f(a)$ 和 $f(b)$ 之間，但這不一定成立！例如，如果 $f$ 是常數函數，那麼 $f(a) = f(b) = f(c)$，但 $A$ 等於 $f(a)$，所以介於之間可能成立，但一般情況下，對於連續函數，平均值不一定在 $f(a)$ 和 $f(b)$ 之間。

回想一下：對於連續函數在 $[a,b]$ 上，$\frac{1}{b-a} \int_a^b f(x) \, dx$ 的值不一定在 $f(a)$ 和 $f(b)$ 之間。實際上，它可能小於 $f(a)$ 或大於 $f(b)$，取決於函數的形狀。

例如，考慮 $f(x) = x$ 在 $[0,1]$ 上。則 $\int_0^1 x \, dx = \frac{1}{2}$，所以 $A = \frac{1}{1} \times \frac{1}{2} = 0.5$。$f(0) = 0$，$f(1) = 1$，",669,768,0.10108502699949895,52.23104869100007,False
Base-Thinking reviewer,N3,,True,"首先，我需要仔細審閱學生的草稿，並對照參考解來找出問題。題目是：Let $f$ be continuous on $[0,2]$ and suppose that $f(0)=f(2)$. Prove that there exists $c\in[0,1]$ such that $f(c)=f(c+1)$.

參考解的步驟是：
1. 定義 $g(x) = f(x) - f(x+1)$ for $x \in [0,1]$.
2. $g$ 是連續的（因為 $f$ 連續）。
3. $g(0) = f(0) - f(1)$, $g(1) = f(1) - f(2) = f(1) - f(0) = -g(0)$.
4. 如果 $g(0) = 0$，取 $c=0$；如果 $g(1) = 0$，取 $c=1$；否則 $g(0)$ 和 $g(1)$ 符號相反，所以 IVT 給出 $c \in (0,1)$ 使得 $g(c)=0$。

學生的草稿：
- 定義 $g(x) = f(x) - f(x+1)$.
- 因為 $f(0) = f(2)$，有 $g(0) = g(1)$.
- 由中間值定理，存在 $c \in [0,1]$ 使得 $g(c) = 0$.
- 因此 $f(c) = f(c+1)$.

學生說：""Is this correct?"" 我需要檢查是否正確。

首先，學生說 $g(0) = g(1)$。但根據定義：
- $g(0) = f(0) - f(1)$
- $g(1) = f(1) - f(2)$

由於 $f(0) = f(2)$，所以 $g(1) = f(1) - f(0)$，但學生說 $g(0) = g(1)$，這意味著 $f(0) - f(1) = f(1) - f(2)$，即 $f(0) + f(2) = 2f(1)$？不，學生直接說 $g(0) = g(1)$，但從 $f(0) = f(2)$ 不能推出 $g(0) = g(1)$。

在參考解中，$g(1) = f(1) - f(2) = f(1) - f(0)$，因為 $f(0) = f(2)$，所以 $g(1) = - (f(0) - f(1)) = -g(0)$。所以 $g(1) = -g(0)$，而不是 $g(0) = g(1)$。

學生錯誤地說 $g(0) = g(1)$。這是一個關鍵錯誤。

在草稿中，學生說：""Since f(0)=f(2), we have g(0)=g(1)."" 但實際上，$g(0) = f(0) - f(1)$, $g(1) = f(1) - f(2) = f(1) - f(0)$（因為 $f(0)=f(2)$），所以 $g(1) = - (f(0) - f","首先，我需要仔細審閱學生的草稿，並對照參考解來找出問題。題目是：Let $f$ be continuous on $[0,2]$ and suppose that $f(0)=f(2)$. Prove that there exists $c\in[0,1]$ such that $f(c)=f(c+1)$.

參考解的步驟是：
1. 定義 $g(x) = f(x) - f(x+1)$ for $x \in [0,1]$.
2. $g$ 是連續的（因為 $f$ 連續）。
3. $g(0) = f(0) - f(1)$, $g(1) = f(1) - f(2) = f(1) - f(0) = -g(0)$.
4. 如果 $g(0) = 0$，取 $c=0$；如果 $g(1) = 0$，取 $c=1$；否則 $g(0)$ 和 $g(1)$ 符號相反，所以 IVT 給出 $c \in (0,1)$ 使得 $g(c)=0$。

學生的草稿：
- 定義 $g(x) = f(x) - f(x+1)$.
- 因為 $f(0) = f(2)$，有 $g(0) = g(1)$.
- 由中間值定理，存在 $c \in [0,1]$ 使得 $g(c) = 0$.
- 因此 $f(c) = f(c+1)$.

學生說：""Is this correct?"" 我需要檢查是否正確。

首先，學生說 $g(0) = g(1)$。但根據定義：
- $g(0) = f(0) - f(1)$
- $g(1) = f(1) - f(2)$

由於 $f(0) = f(2)$，所以 $g(1) = f(1) - f(0)$，但學生說 $g(0) = g(1)$，這意味著 $f(0) - f(1) = f(1) - f(2)$，即 $f(0) + f(2) = 2f(1)$？不，學生直接說 $g(0) = g(1)$，但從 $f(0) = f(2)$ 不能推出 $g(0) = g(1)$。

在參考解中，$g(1) = f(1) - f(2) = f(1) - f(0)$，因為 $f(0) = f(2)$，所以 $g(1) = - (f(0) - f(1)) = -g(0)$。所以 $g(1) = -g(0)$，而不是 $g(0) = g(1)$。

學生錯誤地說 $g(0) = g(1)$。這是一個關鍵錯誤。

在草稿中，學生說：""Since f(0)=f(2), we have g(0)=g(1)."" 但實際上，$g(0) = f(0) - f(1)$, $g(1) = f(1) - f(2) = f(1) - f(0)$（因為 $f(0)=f(2)$），所以 $g(1) = - (f(0) - f",717,768,0.10054246600066108,51.76029038300021,False
