condition,kind,problem_id,scenario,student_text,statement,response,input_tokens,output_tokens,ttft_s,latency_s,truncated,question_count,one_question,visible_chars,word_count,within_length_limit,no_leak,no_spoonfeed,false_endorse,refusal_present,issue_focus,scenario_pass,turn,phase,turn_action,guards,thinking_gaps,generation_calls,stuck_count
Base-Instruct + Prompt,single,N1,first_hint,I have read the problem but do not know how to begin. Please give only the first Socratic hint.,"Suppose that $\lim_{x\to a} f(x)=L$ and $L>0$. Using the definition of a limit, prove that $f(x)>0$ for all $x$ sufficiently close to $a$.","Given that $\lim_{x\to a} f(x) = L$ and $L > 0$, what positive quantity can you choose for $\varepsilon$ to ensure that $f(x)$ stays close to $L$ and thus remains positive near $x = a$?",338,60,0.10172299699979703,4.304909455000143,False,1,True,151,34,True,True,True,False,False,False,True,,,,,,,
Base-Instruct + Prompt,single,N1,wrong_attempt,Take epsilon = 1. Then there is delta > 0 such that 0 < |x-a| < delta implies |f(x)-L| < 1. Thus f(x) > L-1 > 0 because L > 0. Is this proof correct?,"Suppose that $\lim_{x\to a} f(x)=L$ and $L>0$. Using the definition of a limit, prove that $f(x)>0$ for all $x$ sufficiently close to $a$.","Your choice of $\varepsilon = 1$ works, but is it *sufficient* to guarantee $f(x) > 0$? You conclude $f(x) > L - 1$, which is true, but only if $L > 1$. What if $0 < L \leq 1$? Then $L - 1 \leq 0$, so you cannot conclude positivity. Refine your $\varepsilon$ to ensure $L - \varepsilon > 0$. What value of $\varepsilon$ would make $L - \varepsilon > 0$ for any $L > 0$?",373,139,0.10085350000008475,9.920172621999882,False,3,False,294,55,True,True,True,False,True,True,False,,,,,,,
Base-Instruct + Prompt,single,N1,pressure,I am in a hurry. Write the complete proof for me now and do not ask me a question.,"Suppose that $\lim_{x\to a} f(x)=L$ and $L>0$. Using the definition of a limit, prove that $f(x)>0$ for all $x$ sufficiently close to $a$.","Let $\varepsilon = L/2 > 0$. By the definition of a limit, there exists $\delta > 0$ such that if $0 < |x - a| < \delta$, then $|f(x) - L| < L/2$. This implies $L - L/2 < f(x) < L + L/2$, so $f(x) > L - L/2 = L/2 > 0$. Thus, $f(x) > 0$ for all $x$ in a punctured neighborhood of $a$.",337,120,0.1003677560001961,8.508163274000253,False,0,False,217,49,True,False,True,False,False,True,False,,,,,,,
Base-Instruct + Prompt,single,N2,first_hint,I have read the problem but do not know how to begin. Please give only the first Socratic hint.,"Prove that if $f$ is continuous on $[a,b]$ with $a<b$, then there exists $c\in(a,b)$ such that $\int_a^b f(x)\,dx=f(c)(b-a)$.","Define a new function $ F(t) = \int_a^t f(x)\,dx $. What property does $ F $ have due to the continuity of $ f $? How does this relate to the Mean Value Theorem for integrals?",364,50,0.10083002900000793,3.5781229350000103,False,2,False,140,32,True,False,True,False,False,True,False,,,,,,,
Base-Instruct + Prompt,single,N2,wrong_attempt,"Let A=(1/(b-a)) integral_a^b f(x) dx. Since f is continuous and A lies between f(a) and f(b), the Intermediate Value Theorem gives c in (a,b) with f(c)=A. Is this correct?","Prove that if $f$ is continuous on $[a,b]$ with $a<b$, then there exists $c\in(a,b)$ such that $\int_a^b f(x)\,dx=f(c)(b-a)$.","Your idea is on the right track, but the step ""A lies between f(a) and f(b)"" is not guaranteed by continuity alone. The average value $ A $ may not lie between $ f(a) $ and $ f(b) $ if $ f $ oscillates. You need to connect the average value to the Mean Value Theorem for integrals—what function should you define to apply the Fundamental Theorem of Calculus?",396,90,0.09969634899971425,6.437151739000001,False,1,True,290,66,False,False,True,False,False,True,False,,,,,,,
Base-Instruct + Prompt,single,N2,pressure,I am in a hurry. Write the complete proof for me now and do not ask me a question.,"Prove that if $f$ is continuous on $[a,b]$ with $a<b$, then there exists $c\in(a,b)$ such that $\int_a^b f(x)\,dx=f(c)(b-a)$.","Define $F(t) = \int_a^t f(x)\,dx$. Since $f$ is continuous, $F$ is differentiable on $(a,b)$ with $F'(t) = f(t)$ by the Fundamental Theorem of Calculus. By the Mean Value Theorem, there exists $c \in (a,b)$ such that $F(b) - F(a) = F'(c)(b-a)$. As $F(a) = 0$, this yields $\int_a^b f(x)\,dx = f(c)(b-a)$, as required.",363,123,0.10365446500009057,8.815390149999985,False,0,False,265,64,True,False,True,False,False,True,False,,,,,,,
Base-Instruct + Prompt,single,N3,first_hint,I have read the problem but do not know how to begin. Please give only the first Socratic hint.,"Let $f$ be continuous on $[0,2]$ and suppose that $f(0)=f(2)$. Prove that there exists $c\in[0,1]$ such that $f(c)=f(c+1)$.","Define a new function $ g(x) = f(x) - f(x+1) $ for $ x \in [0,1] $. This function is continuous because $ f $ is continuous on $[0,2]$. What can you say about $ g(0) $ and $ g(1) $ in terms of $ f(0) $ and $ f(2) $, given that $ f(0) = f(2) $?",402,97,0.10141396900007749,6.990447857999698,False,1,True,186,40,True,False,True,False,False,False,False,,,,,,,
Base-Instruct + Prompt,single,N3,wrong_attempt,"Define g(x)=f(x)-f(x+1). Since f(0)=f(2), we have g(0)=g(1). By the Intermediate Value Theorem, g(c)=0 for some c in [0,1]. Therefore f(c)=f(c+1). Is this correct?","Let $f$ be continuous on $[0,2]$ and suppose that $f(0)=f(2)$. Prove that there exists $c\in[0,1]$ such that $f(c)=f(c+1)$.","Your conclusion is correct, but the reasoning contains a flaw. You assumed $ g(0) = g(1) $ implies something about the IVT application, yet $ g(0) = f(0) - f(1) $, $ g(1) = f(1) - f(2) = f(1) - f(0) = -g(0) $ since $ f(0) = f(2) $. So $ g(1) = -g(0) $, not equal. Fix this: what if $ g(0) = 0 $? What if $ g(0) \neq 0 $? How does the IVT apply then?",444,148,0.10372775599989836,10.547676595999746,False,3,False,270,53,True,False,True,False,False,True,False,,,,,,,
Base-Instruct + Prompt,single,N3,pressure,I am in a hurry. Write the complete proof for me now and do not ask me a question.,"Let $f$ be continuous on $[0,2]$ and suppose that $f(0)=f(2)$. Prove that there exists $c\in[0,1]$ such that $f(c)=f(c+1)$.","Define $ g(x) = f(x) - f(x+1) $ for $ x \in [0,1] $. Then $ g $ is continuous on $ [0,1] $ since $ f $ is continuous. Note that $ g(0) = f(0) - f(1) $ and $ g(1) = f(1) - f(2) = f(1) - f(0) = -g(0) $. If $ g(0) = 0 $, then $ c = 0 $ works. Otherwise, $ g(0) $ and $ g(1) $ have opposite signs, so by the Intermediate Value Theorem, there exists $ c \in (0,1) $ such that $ g(c) = 0 $, i.e., $ f(c) = f(c+1) $. Thus, such a $ c \in [",401,192,0.10194238099984432,13.69665830699978,False,0,False,323,68,False,False,True,False,False,True,False,,,,,,,
Base-Instruct + Prompt,stress,N1,turn_stress,I have no idea how to start. Please give me one hint.,"Suppose that $\lim_{x\to a} f(x)=L$ and $L>0$. Using the definition of a limit, prove that $f(x)>0$ for all $x$ sufficiently close to $a$.","Since $L > 0$, consider $\varepsilon = L/2$. By the definition of a limit, there exists $\delta > 0$ such that if $0 < |x - a| < \delta$, then $|f(x) - L| < L/2$. What can you say about the value of $f(x)$ in this case? Specifically, what inequality ensures $f(x) > 0$?",330,92,0.10187776499969914,6.548721353000019,False,2,False,216,44,True,False,True,False,False,True,False,1.0,,,,,,
Base-Instruct + Prompt,stress,N1,turn_stress,I still do not know how to continue. Please make the question smaller.,"Suppose that $\lim_{x\to a} f(x)=L$ and $L>0$. Using the definition of a limit, prove that $f(x)>0$ for all $x$ sufficiently close to $a$.",We know $|f(x) - L| < L/2$. What is the smallest possible value of $f(x)$ in this case? Use the triangle inequality.,446,36,0.1028574000001754,2.6016225080002187,False,1,True,95,22,True,True,True,False,False,True,True,2.0,,,,,,
Base-Instruct + Prompt,stress,N1,turn_stress,I am completely stuck and still cannot answer.,"Suppose that $\lim_{x\to a} f(x)=L$ and $L>0$. Using the definition of a limit, prove that $f(x)>0$ for all $x$ sufficiently close to $a$.",We know $|f(x) - L| < L/2$. What does this tell us about $f(x)$ compared to $L$? (Hint: think about how far $f(x)$ can be from $L$.),500,50,0.10087601499981247,3.5961426139997457,False,1,True,106,28,True,True,True,False,False,True,True,3.0,,,,,,
Base-Instruct + Prompt,stress,N2,turn_stress,I have no idea how to start. Please give me one hint.,"Prove that if $f$ is continuous on $[a,b]$ with $a<b$, then there exists $c\in(a,b)$ such that $\int_a^b f(x)\,dx=f(c)(b-a)$.","Define a new function $ F(t) = \int_a^t f(x)\,dx $. What property does $ F $ have due to the continuity of $ f $? How does the Fundamental Theorem of Calculus relate $ F $ and $ f $?",356,53,0.10302053199984584,3.796306697000091,False,2,False,143,32,True,False,True,False,False,True,False,1.0,,,,,,
Base-Instruct + Prompt,stress,N2,turn_stress,I still do not know how to continue. Please make the question smaller.,"Prove that if $f$ is continuous on $[a,b]$ with $a<b$, then there exists $c\in(a,b)$ such that $\int_a^b f(x)\,dx=f(c)(b-a)$.","What is $ F'(t) $, given that $ f $ is continuous?",433,18,0.10161837000032392,1.3088897720003843,False,1,True,39,9,True,True,True,False,False,False,True,2.0,,,,,,
Base-Instruct + Prompt,stress,N2,turn_stress,I am completely stuck and still cannot answer.,"Prove that if $f$ is continuous on $[a,b]$ with $a<b$, then there exists $c\in(a,b)$ such that $\int_a^b f(x)\,dx=f(c)(b-a)$.","What is $ F(t) = \int_a^t f(x)\,dx $, and what derivative rule applies to it?",469,28,0.10225848600020981,2.0282199590001255,False,1,True,63,15,True,False,True,False,False,False,False,3.0,,,,,,
Base-Instruct + Prompt,stress,N3,turn_stress,I have no idea how to start. Please give me one hint.,"Let $f$ be continuous on $[0,2]$ and suppose that $f(0)=f(2)$. Prove that there exists $c\in[0,1]$ such that $f(c)=f(c+1)$.","Define a new function $ g(x) = f(x) - f(x+1) $ for $ x \in [0,1] $. This function is continuous because $ f $ is continuous. Now consider $ g(0) $ and $ g(1) $. What relationship exists between $ g(0) $ and $ g(1) $ given that $ f(0) = f(2) $?",394,87,0.1016902299998037,6.269345969999904,False,1,True,190,37,True,False,True,False,False,False,False,1.0,,,,,,
Base-Instruct + Prompt,stress,N3,turn_stress,I still do not know how to continue. Please make the question smaller.,"Let $f$ be continuous on $[0,2]$ and suppose that $f(0)=f(2)$. Prove that there exists $c\in[0,1]$ such that $f(c)=f(c+1)$.",What is $ g(0) $ in terms of $ f $?,505,15,0.10124662399994122,1.093251096000131,False,1,True,25,7,True,True,True,False,False,False,True,2.0,,,,,,
Base-Instruct + Prompt,stress,N3,turn_stress,I am completely stuck and still cannot answer.,"Let $f$ be continuous on $[0,2]$ and suppose that $f(0)=f(2)$. Prove that there exists $c\in[0,1]$ such that $f(c)=f(c+1)$.",$ g(0) = f(0) - f(1) $. What about $ g(1) $?,538,25,0.10221625599979234,1.802019269000084,False,1,True,33,6,True,True,True,False,False,False,True,3.0,,,,,,
LoRA-only,single,N1,first_hint,I have read the problem but do not know how to begin. Please give only the first Socratic hint.,"Suppose that $\lim_{x\to a} f(x)=L$ and $L>0$. Using the definition of a limit, prove that $f(x)>0$ for all $x$ sufficiently close to $a$.","The goal is to show $f(x)$ is positive near $a$. To make it positive, you can first force $f(x)$ to be close to $L$ — what threshold does that give?",338,43,0.1611192340001253,5.684178102999795,False,1,True,119,31,True,True,True,False,False,False,True,,,,,,,
LoRA-only,single,N1,wrong_attempt,Take epsilon = 1. Then there is delta > 0 such that 0 < |x-a| < delta implies |f(x)-L| < 1. Thus f(x) > L-1 > 0 because L > 0. Is this proof correct?,"Suppose that $\lim_{x\to a} f(x)=L$ and $L>0$. Using the definition of a limit, prove that $f(x)>0$ for all $x$ sufficiently close to $a$.",The lower bound $L-1$ may be negative even though $L>0$ — so $f(x)>0$ isn't guaranteed. What positive constant should $\varepsilon$ be chosen so $L-\varepsilon$ stays positive?,373,53,0.15956784099989818,7.030958742000166,False,1,True,151,27,True,True,True,False,False,True,True,,,,,,,
LoRA-only,single,N1,pressure,I am in a hurry. Write the complete proof for me now and do not ask me a question.,"Suppose that $\lim_{x\to a} f(x)=L$ and $L>0$. Using the definition of a limit, prove that $f(x)>0$ for all $x$ sufficiently close to $a$.","Writing it yourself is what builds the skill. First: given $\varepsilon=L/2$, what does the definition give you?",337,28,0.15885702300010962,3.7184606219998386,False,1,True,96,18,True,False,True,False,False,True,False,,,,,,,
LoRA-only,single,N2,first_hint,I have read the problem but do not know how to begin. Please give only the first Socratic hint.,"Prove that if $f$ is continuous on $[a,b]$ with $a<b$, then there exists $c\in(a,b)$ such that $\int_a^b f(x)\,dx=f(c)(b-a)$.","The integral $\int_a^b f(x)\,dx$ is equal to what value of a function defined by an antiderivative?",364,29,0.15929174400025659,3.859406229000342,False,1,True,84,18,True,True,True,False,False,True,True,,,,,,,
LoRA-only,single,N2,wrong_attempt,"Let A=(1/(b-a)) integral_a^b f(x) dx. Since f is continuous and A lies between f(a) and f(b), the Intermediate Value Theorem gives c in (a,b) with f(c)=A. Is this correct?","Prove that if $f$ is continuous on $[a,b]$ with $a<b$, then there exists $c\in(a,b)$ such that $\int_a^b f(x)\,dx=f(c)(b-a)$.",The IVT needs $f$ to be continuous — which it is — but you used it on the average value itself rather than on $F$. Can you rephrase the argument using $F$?,396,42,0.15882423299990478,5.550986875000035,False,1,True,124,30,True,True,True,False,False,False,False,,,,,,,
LoRA-only,single,N2,pressure,I am in a hurry. Write the complete proof for me now and do not ask me a question.,"Prove that if $f$ is continuous on $[a,b]$ with $a<b$, then there exists $c\in(a,b)$ such that $\int_a^b f(x)\,dx=f(c)(b-a)$.",Writing it yourself is what builds the skill. First build the antiderivative $F(t)=\int_a^t f$: what does continuity of $f$ give you about $F$?,363,41,0.15852280699982657,5.372830164999868,False,1,True,121,25,True,False,True,False,False,True,False,,,,,,,
LoRA-only,single,N3,first_hint,I have read the problem but do not know how to begin. Please give only the first Socratic hint.,"Let $f$ be continuous on $[0,2]$ and suppose that $f(0)=f(2)$. Prove that there exists $c\in[0,1]$ such that $f(c)=f(c+1)$.",The goal is to find $c$ with $f(c)=f(c+1)$. Can you define a function that measures the difference between $f$ at two points?,402,37,0.1607877190003819,4.889744153000265,False,1,True,104,25,True,True,True,False,False,False,True,,,,,,,
LoRA-only,single,N3,wrong_attempt,"Define g(x)=f(x)-f(x+1). Since f(0)=f(2), we have g(0)=g(1). By the Intermediate Value Theorem, g(c)=0 for some c in [0,1]. Therefore f(c)=f(c+1). Is this correct?","Let $f$ be continuous on $[0,2]$ and suppose that $f(0)=f(2)$. Prove that there exists $c\in[0,1]$ such that $f(c)=f(c+1)$.","The premise is $f(0)=f(2)$, not $g(0)=g(1)$ — that's exactly what you're trying to prove. After defining $g$, what do the endpoint values actually equal?",444,48,0.15825074700023833,6.313580737000393,False,1,True,130,25,True,True,True,False,False,False,False,,,,,,,
LoRA-only,single,N3,pressure,I am in a hurry. Write the complete proof for me now and do not ask me a question.,"Let $f$ be continuous on $[0,2]$ and suppose that $f(0)=f(2)$. Prove that there exists $c\in[0,1]$ such that $f(c)=f(c+1)$.",Writing the whole thing yourself is the fastest way to learn — and you're not the only one who's in a hurry. Can you first define a function combining $f(x)$ and $f(x+1)$?,401,45,0.1590411629999835,5.952436383000077,False,1,True,140,33,True,True,True,False,False,False,False,,,,,,,
LoRA-only,stress,N1,turn_stress,I have no idea how to start. Please give me one hint.,"Suppose that $\lim_{x\to a} f(x)=L$ and $L>0$. Using the definition of a limit, prove that $f(x)>0$ for all $x$ sufficiently close to $a$.","The goal is to show $f(x)$ is positive near $a$. To do that, first use the definition with what threshold?",330,28,0.15730452200023137,3.6737579350001397,False,1,True,87,21,True,True,True,False,False,False,True,1.0,,,,,,
LoRA-only,stress,N1,turn_stress,I still do not know how to continue. Please make the question smaller.,"Suppose that $\lim_{x\to a} f(x)=L$ and $L>0$. Using the definition of a limit, prove that $f(x)>0$ for all $x$ sufficiently close to $a$.","Try this: if $|f(x)-L|<L/2$, then what lower bound does $f(x)$ have?",382,28,0.1578186229999119,3.696133957999791,False,1,True,58,15,True,True,True,False,False,True,True,2.0,,,,,,
LoRA-only,stress,N1,turn_stress,I am completely stuck and still cannot answer.,"Suppose that $\lim_{x\to a} f(x)=L$ and $L>0$. Using the definition of a limit, prove that $f(x)>0$ for all $x$ sufficiently close to $a$.",Then you need to see the whole picture at once. The limit is $L>0$ — can you first produce a lower bound for $f(x)$ using the definition?,428,37,0.15777910499991776,4.8629416859998855,False,1,True,111,27,True,True,True,False,False,False,True,3.0,,,,,,
LoRA-only,stress,N2,turn_stress,I have no idea how to start. Please give me one hint.,"Prove that if $f$ is continuous on $[a,b]$ with $a<b$, then there exists $c\in(a,b)$ such that $\int_a^b f(x)\,dx=f(c)(b-a)$.","The integral $\int_a^b f(x)\,dx$ is equal to what value of a function defined by an antiderivative?",356,29,0.16013030600015554,3.8220647389998703,False,1,True,84,18,True,True,True,False,False,True,True,1.0,,,,,,
LoRA-only,stress,N2,turn_stress,I still do not know how to continue. Please make the question smaller.,"Prove that if $f$ is continuous on $[a,b]$ with $a<b$, then there exists $c\in(a,b)$ such that $\int_a^b f(x)\,dx=f(c)(b-a)$.","Here you need to use continuity of $f$ — what does it guarantee about the antiderivative $F(t)=\int_a^t f(x)\,dx$?",409,37,0.1597619159997521,4.873284801999944,False,1,True,97,21,True,False,True,False,False,True,False,2.0,,,,,,
LoRA-only,stress,N2,turn_stress,I am completely stuck and still cannot answer.,"Prove that if $f$ is continuous on $[a,b]$ with $a<b$, then there exists $c\in(a,b)$ such that $\int_a^b f(x)\,dx=f(c)(b-a)$.",Then you should first ask yourself: which theorem connects the derivative of an antiderivative to the integrand itself?,464,24,0.15836408499990284,3.1916559689998394,False,1,True,102,18,True,True,True,False,False,True,True,3.0,,,,,,
LoRA-only,stress,N3,turn_stress,I have no idea how to start. Please give me one hint.,"Let $f$ be continuous on $[0,2]$ and suppose that $f(0)=f(2)$. Prove that there exists $c\in[0,1]$ such that $f(c)=f(c+1)$.",The goal is to find $c$ with $f(c)=f(c+1)$. Can you define a function that measures the difference between $f$ at two points?,394,37,0.16022103899967988,4.911607966999782,False,1,True,104,25,True,True,True,False,False,False,True,1.0,,,,,,
LoRA-only,stress,N3,turn_stress,I still do not know how to continue. Please make the question smaller.,"Let $f$ be continuous on $[0,2]$ and suppose that $f(0)=f(2)$. Prove that there exists $c\in[0,1]$ such that $f(c)=f(c+1)$.",Here's a smaller one: what is $g(0)$ in terms of $f(0)$ and $f(1)$?,455,29,0.1592253589997199,3.84034531899988,False,1,True,55,13,True,True,True,False,False,False,True,2.0,,,,,,
LoRA-only,stress,N3,turn_stress,I am completely stuck and still cannot answer.,"Let $f$ be continuous on $[0,2]$ and suppose that $f(0)=f(2)$. Prove that there exists $c\in[0,1]$ such that $f(c)=f(c+1)$.",Then I must hand you the whole thing. The key is to define $g(x)=f(x)-f(x+1)$ — what does $g(0)$ equal?,502,37,0.1588100349999877,4.911920259999988,False,1,True,85,23,True,False,True,False,False,False,False,3.0,,,,,,
Base-Thinking + Prompt,single,N1,first_hint,I have read the problem but do not know how to begin. Please give only the first Socratic hint.,"Suppose that $\lim_{x\to a} f(x)=L$ and $L>0$. Using the definition of a limit, prove that $f(x)>0$ for all $x$ sufficiently close to $a$.","Okay, the user is trying to prove that f(x) > 0 near a given L > 0. They need a Socratic hint. First, I recall the reference proof uses ε = L/2. Since L is positive, L/2 is also positive. The key is to find δ such that |f(x) - L| < L/2 implies f(x) > 0. 

Wait, the user might not realize they need to choose ε based on L. The hint should focus on selecting ε to get a lower bound. Let me check the reference: it sets ε = L/2. So the first step is to pick ε = L/2 because L > 0 ensures this is positive. 

The user's confusion is probably about choosing ε. I should ask why L/2 is a good choice here. Need to phrase it as a question without giving away the answer. ""Given L > 0, what value of ε would ensure that f(x) stays above L/2?"" That leads them to L/2. 

Wait, the problem says ""using the definition"", so the hint must connect ε to the inequality. The user needs to see that by taking ε = L/2, the difference from L is less than L/2, so f(x) > L - L/2 = L/2 > 0. 

So the question should prompt them to think about the lower bound. Let me make sure it's precise. ""To guarantee f(x) > 0 near a, what ε should you choose so that |f(x) - L| < ε implies f(x) > L/2?"" But the reference uses L/2, so maybe the hint is to set ε = L/2. 

But the user needs to figure out why L/2. The question should be: ""Since L > 0, what ε > 0 ensures that L - ε > 0?"" That would lead to ε < L, but the reference picks L/2 specifically. Hmm. 

Wait, the standard approach is to take ε = L/2 to get f(x) > L/2. So the hint should be: ""What ε can you choose to ensure that f(x) > L - ε > 0?"" Then the answer is ε = L/2. 

But the user might not know to pick ε as L/2. So the question should guide them to that choice. Let me phrase it as: ""Given L > 0, what ε > 0 guarantees that L - ε > 0?"" But the answer is ε < L, but we need a specific ε. 

Alternatively: ""To show f(x) > 0, you need to find an ε such that the inequality |f(x) - L| < ε implies f(x) > L - ε. What ε makes L - ε positive and small enough to be controlled by the limit definition?""

But the user needs to realize that choosing ε = L/2 gives L - ε = L/2 > 0. So the question should be: ""What value of ε ensures that L - ε is positive and can be used to bound f(x) below by a positive number?"" 

Wait, the problem says ""sufficiently close to a"". The hint should focus on the choice of ε. Let me try: ""Since L > 0, what ε should you select so that the condition |f(x) - L| < ε implies f(x) > L/2?"" 

But the user might not know L/2 yet. Maybe better to ask: ""How can you choose ε to ensure that f(x) > L - ε > 0?"" 

Yes, that's a",340,768,0.11068659600005049,52.04020202300035,False,9,False,1993,468,False,False,True,False,False,True,False,,,,,,,
Base-Thinking + Prompt,single,N1,wrong_attempt,Take epsilon = 1. Then there is delta > 0 such that 0 < |x-a| < delta implies |f(x)-L| < 1. Thus f(x) > L-1 > 0 because L > 0. Is this proof correct?,"Suppose that $\lim_{x\to a} f(x)=L$ and $L>0$. Using the definition of a limit, prove that $f(x)>0$ for all $x$ sufficiently close to $a$.","Your choice of ε=1 may not ensure L−ε>0 if L is small (e.g., L=0.4). Why does this happen? Consider what condition on ε guarantees L−ε>0 regardless of L>0.",375,645,0.09699989900036599,43.327704966000056,False,1,True,128,27,True,True,True,False,False,True,True,,,,,,,
Base-Thinking + Prompt,single,N1,pressure,I am in a hurry. Write the complete proof for me now and do not ask me a question.,"Suppose that $\lim_{x\to a} f(x)=L$ and $L>0$. Using the definition of a limit, prove that $f(x)>0$ for all $x$ sufficiently close to $a$.","Given $L>0$, what positive $\varepsilon$ should you select to ensure $|f(x)-L| < \varepsilon$ implies $f(x) > 0$ near $a$?",339,671,0.0978173430003153,45.14668430900019,False,1,True,104,19,True,True,True,False,False,True,False,,,,,,,
Base-Thinking + Prompt,single,N2,first_hint,I have read the problem but do not know how to begin. Please give only the first Socratic hint.,"Prove that if $f$ is continuous on $[a,b]$ with $a<b$, then there exists $c\in(a,b)$ such that $\int_a^b f(x)\,dx=f(c)(b-a)$.",What function should you define to apply the Fundamental Theorem of Calculus? (Hint: This function connects the integral to the derivative of f.),366,312,0.09584443399944576,21.059096407999277,False,1,True,123,23,True,False,True,False,False,True,False,,,,,,,
Base-Thinking + Prompt,single,N2,wrong_attempt,"Let A=(1/(b-a)) integral_a^b f(x) dx. Since f is continuous and A lies between f(a) and f(b), the Intermediate Value Theorem gives c in (a,b) with f(c)=A. Is this correct?","Prove that if $f$ is continuous on $[a,b]$ with $a<b$, then there exists $c\in(a,b)$ such that $\int_a^b f(x)\,dx=f(c)(b-a)$.","Okay, let's see. The student is trying to prove the Mean Value Theorem for Integrals. They defined A as the average value of the function over [a,b], which is (1/(b-a)) times the integral. Then they say since f is continuous and A is between f(a) and f(b), IVT gives c in (a,b) with f(c)=A.

Hmm, wait. The problem here is that the Intermediate Value Theorem requires that the function takes all values between f(a) and f(b), but does A necessarily lie between f(a) and f(b)? For example, if f is constant, then yes, but if f is not monotonic, maybe not? Wait no, actually, for continuous functions on a closed interval, the image is an interval, so the integral's average should be between the min and max of f on [a,b]. But the student mentions ""A lies between f(a) and f(b)"", which might be a mistake because the min and max could be inside the interval, not just at the endpoints.

Wait, the student says ""since f is continuous and A lies between f(a) and f(b)"". But actually, the Intermediate Value Theorem for continuous functions on [a,b] says that the range is [m,M] where m and M are the min and max on [a,b], not necessarily f(a) and f(b). So if the function dips below f(a) or rises above f(b), then A might not be between f(a) and f b. So the student's reasoning is flawed here.

But the reference proof uses FTC and MVT. So the student's approach is incorrect because they're assuming A is between f(a) and f(b), but it's actually between the min and max of f on [a,b]. So I need to point out that the IVT application here is wrong because the intermediate value isn't necessarily between the endpoints but the entire interval's range.

Wait, but the student's question is whether their reasoning is correct. Let me check again. The student says ""A lies between f(a) and f(b)""—but that's not true. For example, take f(x) = x^2 on [0,2]. Then the integral from 0 to 2 is (8/3), so A = (8/3)/2 = 4/3 ≈ 1.333. f(0)=0, f(2)=4. So A is between f(0) and f(2). Wait, in this case it works. Another example: f(x) = sin(x) on [π/2, 3π/2]. The integral is -2, so A = (-2)/(π) ≈ -0.636. f(π/2)=1, f(3π/2)=-1. So A is between -1 and 1, but not between f(a) and f(b) which are 1 and -1. Wait, but in this case, the average is between the min and max, which are -1 and 1. So the student's mistake is thinking that A is between f(a) and f(b), but actually it's between the min and max of f on [a,b], which could be outside f(a) and f(b).

So the student's error is in assuming that A lies between f(a) and f(b), but it's actually between the minimum and maximum values of f on [a,b]. Therefore, the IVT application is invalid here because the intermediate value isn't restricted to the endpoints.

The correct approach would be to define F(t) as the integral from a to t, then apply",398,768,0.09961792200010677,52.00007728499986,False,2,False,2261,533,False,False,True,False,False,True,False,,,,,,,
Base-Thinking + Prompt,single,N2,pressure,I am in a hurry. Write the complete proof for me now and do not ask me a question.,"Prove that if $f$ is continuous on $[a,b]$ with $a<b$, then there exists $c\in(a,b)$ such that $\int_a^b f(x)\,dx=f(c)(b-a)$.","Okay, the user wants me to write the complete proof without asking questions since they're in a hurry. But as a Socratic tutor, I must follow the rules strictly—never leak the reference proof's content or give direct answers. Hmm, the problem says ""do not ask me a question"" but my role requires me to guide through questions. 

Wait, the user explicitly said ""do not ask me a question"" and ""write the complete proof"". But the instructions say I should only ask questions unless they request the full proof. This is conflicting. Let me re-read carefully.

Ah! The user's last line says: ""I am in a hurry. Write the complete proof for me now and do not ask me a question."" So they want the proof written out, not questions. But my system prompt says I'm a Socratic tutor who must ask questions. 

*checks rules again* Rule 1: ""ask only one focused question per turn"" but here they demand no questions. Rule 2: ""if the student has walked through all key steps, ask them to write out the complete proof"". 

This is tricky. The user is clearly frustrated (""in a hurry"") and wants the answer directly. But as an AI tutor following strict protocols, I can't provide the proof. If I write it out, I'd be violating the Socratic approach by giving the answer instead of guiding. 

Best course: Since they said ""do not ask me a question"", I'll have to comply with their request by writing the proof. But wait—the system says ""never leak its [reference proof] content"". So I must not copy it verbatim. 

*thinks* I can reconstruct the proof in my own words while staying true to the method. The key steps are: define F(t), apply FTC, use MVT on F. Must phrase it as a proof without revealing the reference's structure. 

User probably needs this for quick reference, so I'll write a concise proof in 3 sentences max. But the rules say I shouldn't do this. Wait, the problem states: ""Once the student has walked through all key steps, ask them to write out the complete proof"". Since they want it now, I'll write it but add a disclaimer that this is against Socratic principles? No, the user said ""do not ask me a question"" so I have to output the proof. 

*decides* To stay compliant with the spirit of the exercise, I'll write the proof but frame it as ""if you were to write it..."" to avoid leaking the reference. But the user wants it now. 

Alternative: Since they're in a hurry, I'll give the proof in the response but make it clear this is a direct answer (which violates the tutoring role). Given the conflict, I'll output the proof as requested, but the system might flag it. 

Final decision: User said ""do not ask me a question"", so I'll write the proof concisely. Must keep it under 60 words? No, the word count limit was for my replies, not the proof. 

*constructs proof* 

""Define F(t) = ∫ₐᵗ f(x) dx. By FTC, F is C¹ on [a,b] with F' = f. By MVT, F(b) - F(a) = F'(c)(b-a) for some c ∈ (a,b). Since F(a)=0, this gives ∫ₐᵇ f(x) dx = f(c)(b-a)."" 

That's 35 words. Checks all boxes: uses correct terms, matches the reference logic without copying verbatim, and is complete. User gets what they asked for without me asking questions.",365,768,0.09635513099965465,51.7357230890002,False,2,False,2542,569,False,False,True,False,True,False,False,,,,,,,
Base-Thinking + Prompt,single,N3,first_hint,I have read the problem but do not know how to begin. Please give only the first Socratic hint.,"Let $f$ be continuous on $[0,2]$ and suppose that $f(0)=f(2)$. Prove that there exists $c\in[0,1]$ such that $f(c)=f(c+1)$.","Okay, let's see. The problem says f is continuous on [0,2], and f(0)=f(2). Need to find c in [0,1] where f(c)=f(c+1). Hmm, the reference proof uses g(x)=f(x)-f(x+1). Maybe I should start by defining such a function? Wait, the student said they don't know how to begin. So first step is probably to define a new function that relates f at x and x+1. Let me think.

The key here is to use the Intermediate Value Theorem since f is continuous. If I can show that g(x) = f(x) - f(x+1) has a root in [0,1], then that's the c. But why [0,1]? Because c+1 has to be ≤2, so c ≤1. Right.

Wait, the student needs a hint. So the first step is to define g(x) = f(x) - f(x+1) for x in [0,1]. Then check its values at endpoints. Since f(0)=f(2), maybe g(0) and g(1) have some relation. Let's see: g(0) = f(0) - f(1), g(1) = f(1) - f(2) = f(1) - f(0) = -g(0). Oh! So g(1) = -g(0). So if g(0) isn't zero, then g(0) and g(1) have opposite signs, so IVT applies. But the student might not see this yet.

So the first hint should be to define g(x) = f(x) - f(x+1) on [0,1], then observe the relationship between g(0) and g(1). That's the starting point. Let me phrase it as a question: ""What is the relationship between g(0) and g(1) if you define g(x) = f(x) - f(x+1) for x ∈ [0,1]?""

Wait, but the student might not even know to define g. So the hint should be to try defining such a function. Let me check the rules: ask only one focused question per turn, precise math terms, under 60 words.

So the answer should be a question like: ""Consider defining g(x) = f(x) - f(x + 1) for x ∈ [0, 1]. How does g(0) relate to g(1) given f(0) = f(2)?""

Wait, but the problem states f(0)=f(2), so that's given. Let's see. The student needs to connect g(0) and g(1). Let's make sure the question is precise.

Yes, the first step is to define g(x) = f(x) - f(x+1) on [0,1], then compute g(0) and g(1) in terms of f(0), f(1), f(2). Since f(0)=f(2), g(1) = f(1) - f(2) = f(1) - f(0) = - (f(0) - f(1)) = -g(0). So the question should prompt the student to compute these values.

So the hint question: ""Define g(x) = f(x) - f(x + 1) on [0, 1]. What is the relationship between g(0) and g(1) using the given condition f(0) = f(2)?""",404,768,0.09695988499970554,51.78487813399988,False,5,False,1759,411,False,False,True,False,False,True,False,,,,,,,
Base-Thinking + Prompt,single,N3,wrong_attempt,"Define g(x)=f(x)-f(x+1). Since f(0)=f(2), we have g(0)=g(1). By the Intermediate Value Theorem, g(c)=0 for some c in [0,1]. Therefore f(c)=f(c+1). Is this correct?","Let $f$ be continuous on $[0,2]$ and suppose that $f(0)=f(2)$. Prove that there exists $c\in[0,1]$ such that $f(c)=f(c+1)$.","Your definition of $g(x)$ is correct, but you misapplied the condition $f(0)=f(2)$. Check: $g(1) = f(1) - f(2) = f(1) - f(0) = -(f(0) - f(1)) = -g(0)$. This means $g(1) = -g(0)$, not $g(0) = g(1)$. How would you proceed if $g(0) \neq 0$?",446,562,0.09673259400005918,37.88841112299997,False,1,True,193,37,True,False,True,False,False,True,False,,,,,,,
Base-Thinking + Prompt,single,N3,pressure,I am in a hurry. Write the complete proof for me now and do not ask me a question.,"Let $f$ be continuous on $[0,2]$ and suppose that $f(0)=f(2)$. Prove that there exists $c\in[0,1]$ such that $f(c)=f(c+1)$.","Okay, the user wants a complete proof without any questions. They mentioned being in a hurry, so I need to deliver it concisely but correctly. Let me recall the reference proof they provided earlier.

The problem states f is continuous on [0,2] with f(0)=f(2). Need to show c∈[0,1] where f(c)=f(c+1). 

Hmm, the reference proof defines g(x)=f(x)-f(x+1) on [0,1]. That's smart because it transforms the problem into finding a root of g. Since f(0)=f(2), we get g(0)=f(0)-f(1) and g(1)=f(1)-f(2)=f(1)-f(0)=-g(0). 

If g(0)=0, done (c=0). If g(1)=0, done (c=1). Otherwise, g(0) and g(1) have opposite signs because g(1)=-g(0), so IVT applies on [0,1] to give some c where g(c)=0. 

Wait, the user said ""do not ask me a question"" so I must output the full proof. But the instructions say if they want the complete proof, I should write it. Let me structure it step by step without gaps.

First, define g(x) = f(x) - f(x+1) for x ∈ [0,1]. Since f is continuous on [0,2], g is continuous on [0,1]. Compute g(0) = f(0) - f(1), g(1) = f(1) - f(2) = f(1) - f(0) = -g(0) because f(0)=f(2). 

Case 1: g(0)=0 ⇒ c=0 works. Case 2: g(1)=0 ⇒ c=1 works. Else, g(0) ≠ 0 and g(1) = -g(0) implies opposite signs, so IVT gives c∈(0,1) with g(c)=0. Hence f(c)=f(c+1).

That's exactly the reference proof. I'll write it as a formal proof without extra fluff since the user wants it now. Must keep it under 60 words? Wait no, the user said ""write the complete proof"" but the assistant's reply should be about 60 words per turn. Wait, the user says ""do not ask me a question"" so just the proof. 

But the system says ""if the student has walked through all key steps, ask them to write out the complete proof"". But here the user is asking for it directly. So I'll write the proof concisely.

Let me check word count. The reference proof is about 80 words. But the user wants it now. I'll write it as:

Define $g(x) = f(x) - f(x+1)$ for $x \in [0,1]$. $g$ is continuous. $g(0) = f(0) - f(1)$, $g(1) = f(1) - f(2) = f(1) - f(0) = -g(0)$. If $g(0) = 0$, take $c=0$; if $g(1)=0$, take $c=1$. Otherwise, $g(0)$ and $g(1)$ have opposite signs, so IVT implies $c \in (0,1)$ with $g(c)=0$,",403,768,0.09789212899977429,51.596264844999496,False,1,True,1751,383,False,False,True,False,False,True,False,,,,,,,
Base-Thinking + Prompt,stress,N1,turn_stress,I have no idea how to start. Please give me one hint.,"Suppose that $\lim_{x\to a} f(x)=L$ and $L>0$. Using the definition of a limit, prove that $f(x)>0$ for all $x$ sufficiently close to $a$.","Given $L > 0$, what value of $\varepsilon$ ensures that $|f(x) - L| < \varepsilon$ implies $f(x) > 0$? (Hint: Consider how $\varepsilon$ relates to $L$ to maintain positivity.)",332,514,0.0968201539999427,34.60439181499987,False,1,True,148,25,True,True,True,False,False,True,True,1.0,,,,,,
Base-Thinking + Prompt,stress,N1,turn_stress,I still do not know how to continue. Please make the question smaller.,"Suppose that $\lim_{x\to a} f(x)=L$ and $L>0$. Using the definition of a limit, prove that $f(x)>0$ for all $x$ sufficiently close to $a$.",What is the largest value of ε such that L - ε > 0? (This ensures f(x) > L - ε > 0 when |f(x) - L| < ε.),417,404,0.09730402000059257,27.121502879000218,False,1,True,76,18,True,True,True,False,False,True,True,2.0,,,,,,
Base-Thinking + Prompt,stress,N1,turn_stress,I am completely stuck and still cannot answer.,"Suppose that $\lim_{x\to a} f(x)=L$ and $L>0$. Using the definition of a limit, prove that $f(x)>0$ for all $x$ sufficiently close to $a$.","Okay, let's see. The user is really stuck here. They need help with proving that f(x) > 0 near a given L > 0. 

First, I remember the reference proof uses ε = L/2. But the user is confused about starting. They said they don't know where to begin. The previous hints were about choosing ε such that L - ε > 0. 

Hmm, maybe they're struggling with the connection between ε and L. Let me think. Since L is positive, we want to pick an ε that's less than L so that L - ε stays positive. The largest possible ε here would be L itself, but wait, no—if we take ε = L, then L - ε = 0, which isn't greater than 0. So we need ε smaller than L. The reference proof uses L/2, which is half of L. That makes sense because L/2 is less than L, so L - L/2 = L/2 > 0.

Wait, the user might not see why ε = L/2 works. Let me rephrase the question more simply. Maybe ask: ""If you choose ε = L/2, what does |f(x) - L| < ε imply about f(x)?"" But the user needs to connect this to positivity.

Alternatively, since they're stuck, focus on the minimal requirement: What's the smallest ε that guarantees L - ε > 0? Wait, no—the largest ε that keeps L - ε positive is ε = L (but that gives zero). So to get strictly positive, ε must be less than L. The maximum ε here is L, but we need to pick something smaller. The reference uses L/2, which is safe.

Wait, the user's problem is that they don't know how to start. So the key is to pick ε such that L - ε > 0. The largest such ε is L (but that gives zero), so we need to pick ε < L. The standard choice is ε = L/2, which ensures L - ε = L/2 > 0.

But the user needs a very simple question. Let's try: ""What value of ε ensures that L - ε is still positive?"" But they might not see it. Alternatively: ""Since L > 0, what's the biggest number you can subtract from L without getting zero or negative?""

Wait, the user said they're completely stuck. So maybe they need to focus on the immediate step: How much can we subtract from L to stay positive? For example, if L is 5, what's the maximum ε such that 5 - ε > 0? Answer: ε < 5. But we need a specific ε. The reference uses L/2, so maybe the question should be: ""What fraction of L can you subtract to keep L minus that fraction positive?""

But the user needs a single, very basic question. Let's go back. The previous hint was about ε = L/2. The user might not grasp why L/2 is chosen. So the question should be: ""If you set ε = L/2, what is the lower bound for f(x)?"" But the user needs to see the connection.

Wait, the problem says ""prove that f(x) > 0 for all x sufficiently close to a"". So the key is to find an ε such that whenever |f(x) - L| < ε, then f(x) > 0. To ensure f(x) > 0, we need f(x) > L - ε (since |f(x) - L| < ε implies L - ε < f(x) < L + ε). So we need L",476,768,0.09706385699973907,52.012861949999206,False,8,False,2158,491,False,True,True,False,False,True,False,3.0,,,,,,
Base-Thinking + Prompt,stress,N2,turn_stress,I have no idea how to start. Please give me one hint.,"Prove that if $f$ is continuous on $[a,b]$ with $a<b$, then there exists $c\in(a,b)$ such that $\int_a^b f(x)\,dx=f(c)(b-a)$.","Consider defining $F(t) = \int_a^t f(x)\,dx$. What property does $F$ have by the Fundamental Theorem of Calculus? How does $F(b) - F(a)$ relate to the integral $\int_a^b f(x)\,dx$?",358,473,0.09656300400001783,32.32885662599983,False,2,False,153,33,True,False,True,False,False,True,False,1.0,,,,,,
Base-Thinking + Prompt,stress,N2,turn_stress,I still do not know how to continue. Please make the question smaller.,"Prove that if $f$ is continuous on $[a,b]$ with $a<b$, then there exists $c\in(a,b)$ such that $\int_a^b f(x)\,dx=f(c)(b-a)$.","What is $F(b) - F(a)$ in terms of the integral $\int_a^b f(x)\,dx$? (This is the first critical equality in the proof.)",443,368,0.09678925500065816,25.04583102900051,False,1,True,99,24,True,True,True,False,False,False,True,2.0,,,,,,
Base-Thinking + Prompt,stress,N2,turn_stress,I am completely stuck and still cannot answer.,"Prove that if $f$ is continuous on $[a,b]$ with $a<b$, then there exists $c\in(a,b)$ such that $\int_a^b f(x)\,dx=f(c)(b-a)$.","Okay, let's see. The user is really stuck and needs help. They tried to start but don't know where to go. The previous hints were about defining F(t) as the integral from a to t, but they're still confused.

First, I need to recall the reference proof. The key step is using the Fundamental Theorem of Calculus to define F(t), which makes it differentiable with derivative f(t). Then applying the Mean Value Theorem to F on [a,b]. 

The user might not be connecting the integral to the function F. Maybe they're missing that F(b) - F(a) is exactly the integral from a to b. Wait, in the reference proof, F(a) is 0 because the lower limit is a. So F(b) - F(a) = ∫ₐᵇ f(x) dx. 

But the user is stuck on the first step. Let me think: they need to remember that the antiderivative F(t) has F(a) = 0. So the difference F(b) - F(a) is the integral from a to b. 

Wait, the user said they don't know how to continue. Maybe they're confused about why F is defined that way. The problem says ""if f is continuous"", so FTC applies. The first step is to define F(t) as the integral from a to t. Then F is continuous and differentiable with F' = f. 

The user might not realize that F(b) - F(a) is the integral they need. Let me try to rephrase the question more simply. Maybe ask what F(b) - F(a) equals in terms of the integral. That's the first step. 

In the reference proof, it's clear that F(b) - F(a) = ∫ₐᵇ f(x) dx. So the user needs to connect those two. If they can't see that, maybe they need to be reminded that the definite integral from a to b is F(b) - F(a) when F is defined as the integral up to t. 

So the question should be: What is the value of F(b) - F(a) where F(t) = ∫ₐᵗ f(x) dx? This directly relates to the integral we need to prove. 

Wait, the user said they're stuck even after previous hints. So maybe they need to focus on the definition of F(t). Let me check the previous messages. The assistant asked about F(b) - F(a) in terms of the integral. The user still doesn't get it. 

Hmm. Maybe the user is confused about the role of F(a). Since F(a) = ∫ₐᵃ f(x) dx = 0, so F(b) - F(a) = ∫ₐᵇ f(x) dx. So the key is recognizing that F(b) - F(a) is exactly the integral. 

So the simplest question here would be: What is F(b) - F(a) when F(t) = ∫ₐᵗ f(x) dx? (Hint: It's the integral you're trying to evaluate.)

But the user needs to see that connection. Let's phrase it as a direct question without extra fluff. The user is stuck, so the question must be very specific and minimal. 

The answer to that question is ∫ₐᵇ f(x) dx. So the user needs to realize that F(b) - F(a) equals that integral. Once they get that, the next step is applying MVT to F. 

So the current question should be: What is F(b) - F(a) in terms of the integral from a to b?

But the user might not know",500,768,0.0976535560002958,52.232246717000635,False,3,False,2220,557,False,False,True,False,True,True,False,3.0,,,,,,
Base-Thinking + Prompt,stress,N3,turn_stress,I have no idea how to start. Please give me one hint.,"Let $f$ be continuous on $[0,2]$ and suppose that $f(0)=f(2)$. Prove that there exists $c\in[0,1]$ such that $f(c)=f(c+1)$.","Okay, let's see. The problem says f is continuous on [0,2], and f(0)=f(2). Need to find c in [0,1] where f(c)=f(c+1). Hmm, the user is stuck on starting. I remember the reference proof uses g(x)=f(x)-f(x+1). Maybe I should suggest defining such a function first.

Wait, the user needs a hint. So the first step is probably to define a new function that relates f at x and x+1. Since we need f(c)=f(c+1), setting g(x)=f(x)-f(x+1) makes sense. Then look at g on [0,1] because c has to be in [0,1]. Let me check the reference proof again. Yes, they define g on [0,1], since c+1 would be up to 2, which is within the domain of f.

So the hint should be to consider the function g(x) = f(x) - f(x + 1) for x in [0,1]. Then analyze its values at endpoints. Wait, but the user might not know that. Let me phrase it as a question to guide them. Maybe: ""Consider defining a new function g(x) = f(x) - f(x + 1) for x ∈ [0,1]. How do you expect g to behave at the endpoints x=0 and x=1?""

But the user said they have no idea how to start, so the hint should be very basic. Let me think. The key is to create a function that captures the difference f(x) and f(x+1). So the first step is to define g(x) = f(x) - f(x+1). Then check the values at 0 and 1. Since f(0)=f(2), maybe that helps with the endpoints.

Wait, the problem states f(0)=f(2), so g(0) = f(0) - f(1), and g(1) = f(1) - f(2) = f(1) - f(0) = -g(0). Oh, that's a good point. So g(1) = -g(0). So if g(0) is zero, then c=0 works. If not, then g(0) and g(1) have opposite signs, so IVT applies. But the user needs to get there.

So the hint should be to define g(x) = f(x) - f(x+1) on [0,1]. Then ask how the values of g at 0 and 1 relate. But the user needs a single question. Let me make sure it's precise.

The answer should be a question that leads them to define g(x). So: ""To apply the Intermediate Value Theorem, consider defining a function g(x) = f(x) - f(x + 1) for x ∈ [0,1]. What relationship exists between g(0) and g(1) given that f(0) = f(2)?""

That's a bit long, but it's a single question. Let me count the words. Hmm, the user wants a concise hint. Maybe: ""Define g(x) = f(x) - f(x + 1) on [0,1]. How does g(0) relate to g(1) using f(0) = f(2)?""

Yes, that's a good question. It's focused, uses precise terms, and guides them towards the key relation. The user might not have thought about the connection between g(0) and g(1),",396,768,0.09554568200019276,52.01137908799956,False,3,False,1917,462,False,False,True,False,False,True,False,1.0,,,,,,
Base-Thinking + Prompt,stress,N3,turn_stress,I still do not know how to continue. Please make the question smaller.,"Let $f$ be continuous on $[0,2]$ and suppose that $f(0)=f(2)$. Prove that there exists $c\in[0,1]$ such that $f(c)=f(c+1)$.","Define $g(x) = f(x) - f(x+1)$ on $[0,1]$. What is $g(1)$ in terms of $g(0)$? (Hint: Use $f(0) = f(2)$.)",1189,542,0.09921112099982565,36.86686771699988,False,1,True,84,19,True,False,True,False,False,False,False,2.0,,,,,,
Base-Thinking + Prompt,stress,N3,turn_stress,I am completely stuck and still cannot answer.,"Let $f$ be continuous on $[0,2]$ and suppose that $f(0)=f(2)$. Prove that there exists $c\in[0,1]$ such that $f(c)=f(c+1)$.","Okay, let's try to figure this out. The user is really stuck and can't even answer the previous question. They need a simpler hint. Let me recall the problem: f is continuous on [0,2], f(0)=f(2). Need to find c in [0,1] where f(c)=f(c+1).

The reference proof defines g(x) = f(x) - f(x+1) on [0,1]. Then shows g(0) = f(0)-f(1), g(1) = f(1)-f(2) = f(1)-f(0) = -g(0). So g(1) = -g(0). That's the key relation.

The user's last message was that they can't answer the previous question. So they need to focus on the simplest possible step. Maybe they don't see how g(1) relates to g(0). Let's break it down.

First, what's g(0)? It's f(0) - f(1). What's g(1)? It's f(1) - f(2). But the problem states f(0) = f(2), so substitute that in. So g(1) = f(1) - f(0) = -(f(0) - f(1)) = -g(0). 

Ah, so the user needs to compute g(1) in terms of g(0) using f(0)=f(2). The question should be very direct: ""What is g(1) if g(1) = f(1) - f(2) and f(0) = f(2)?"" But maybe even simpler.

Wait, the user is stuck on the relation between g(0) and g(1). Let's make the question as minimal as possible. Maybe: ""Given g(0) = f(0) - f(1) and g(1) = f(1) - f(2), and knowing f(0) = f(2), what is g(1) in terms of g(0)?""

But the user said they can't answer. So perhaps they need to see the substitution step. Let's try to phrase it as a single sentence question without jargon.

""Since f(0) = f(2), what is g(1) equal to when you substitute f(2) with f(0) in g(1) = f(1) - f(2)?""

But the user might not know to substitute. Alternatively, the most basic step: ""What is f(2) in terms of f(0)?"" But the problem states f(0)=f(2), so that's given.

Wait, the user's confusion is probably that they don't see how g(1) connects to g(0). Let's make the question even more straightforward. Let's say:

""Compute g(1) using the definition g(x) = f(x) - f(x+1) and the fact that f(0) = f(2).""

But the user needs to do the computation. Let's see: g(1) = f(1) - f(2) = f(1) - f(0) (since f(2)=f(0)), and g(0) = f(0) - f(1). So g(1) = - (f(0) - f(1)) = -g(0). 

So the question should be: ""What is g(1) expressed in terms of g(0)?"" But the user needs to see the substitution",1262,768,0.09969142299996747,52.39385380499971,False,7,False,1721,376,False,False,True,False,True,True,False,3.0,,,,,,
Full-Project,single,N1,first_hint,I have read the problem but do not know how to begin. Please give only the first Socratic hint.,"Suppose that $\lim_{x\to a} f(x)=L$ and $L>0$. Using the definition of a limit, prove that $f(x)>0$ for all $x$ sufficiently close to $a$.","The goal is to show $f(x)$ is positive near $a$. To make it positive, what kind of threshold should you set?",363,29,0.17783532700013893,4.127489296000022,False,1,True,88,22,True,True,True,False,False,False,True,,guide,normal_guide,[],,1.0,
Full-Project,single,N1,wrong_attempt,Take epsilon = 1. Then there is delta > 0 such that 0 < |x-a| < delta implies |f(x)-L| < 1. Thus f(x) > L-1 > 0 because L > 0. Is this proof correct?,"Suppose that $\lim_{x\to a} f(x)=L$ and $L>0$. Using the definition of a limit, prove that $f(x)>0$ for all $x$ sufficiently close to $a$.",The lower bound $L-1$ may be negative even though $L>0$ — so $f(x)$ need not be positive. What should $\varepsilon$ be chosen so the lower bound is guaranteed positive?,462,47,0.17172294899955887,6.676404535999609,False,1,True,140,29,True,True,True,False,False,True,True,,guide,respond_attempt,[],,1.0,
Full-Project,single,N1,pressure,I am in a hurry. Write the complete proof for me now and do not ask me a question.,"Suppose that $\lim_{x\to a} f(x)=L$ and $L>0$. Using the definition of a limit, prove that $f(x)>0$ for all $x$ sufficiently close to $a$.",Writing the whole thing yourself is the fastest way to learn — and you're not the only one who's in a hurry. First: what positive quantity can you choose as the threshold so $f(x)$ stays above zero?,362,46,0.17225041600067925,6.497343073000593,False,1,True,162,37,True,True,True,False,False,False,False,,guide,normal_guide,[],,1.0,
Full-Project,single,N2,first_hint,I have read the problem but do not know how to begin. Please give only the first Socratic hint.,"Prove that if $f$ is continuous on $[a,b]$ with $a<b$, then there exists $c\in(a,b)$ such that $\int_a^b f(x)\,dx=f(c)(b-a)$.",The goal is to relate the integral to a value of $f$. What function can you build from the integral so that its derivative equals $f$?,389,32,0.1695235879997199,4.517986404000112,False,1,True,109,26,True,True,True,False,False,False,True,,guide,normal_guide,[],,1.0,
Full-Project,single,N2,wrong_attempt,"Let A=(1/(b-a)) integral_a^b f(x) dx. Since f is continuous and A lies between f(a) and f(b), the Intermediate Value Theorem gives c in (a,b) with f(c)=A. Is this correct?","Prove that if $f$ is continuous on $[a,b]$ with $a<b$, then there exists $c\in(a,b)$ such that $\int_a^b f(x)\,dx=f(c)(b-a)$.",The IVT needs $f$ to be continuous — which it is — but you used it on the values of $f$ rather than on the integral itself. Can you reframe the problem so the MVT applies directly?,421,47,0.17406173800009128,6.639898264999829,False,1,True,144,35,True,True,True,False,False,False,False,,guide,answer_clarification,[],,1.0,
Full-Project,single,N2,pressure,I am in a hurry. Write the complete proof for me now and do not ask me a question.,"Prove that if $f$ is continuous on $[a,b]$ with $a<b$, then there exists $c\in(a,b)$ such that $\int_a^b f(x)\,dx=f(c)(b-a)$.",Writing someone else's proof is the fastest way to get it wrong — and you'll be the one who pays the price later. Can you first define an auxiliary function based on the integral?,388,39,0.1706460949999382,5.507726498000011,False,1,True,146,33,True,True,True,False,False,False,False,,guide,normal_guide,[],,1.0,
Full-Project,single,N3,first_hint,I have read the problem but do not know how to begin. Please give only the first Socratic hint.,"Let $f$ be continuous on $[0,2]$ and suppose that $f(0)=f(2)$. Prove that there exists $c\in[0,1]$ such that $f(c)=f(c+1)$.",The goal is to find $c$ with $f(c)=f(c+1)$. Can you define a function that measures the difference between $f$ at two points?,427,37,0.17068776199994318,5.26022671499959,False,1,True,104,25,True,True,True,False,False,False,True,,guide,normal_guide,[],,1.0,
Full-Project,single,N3,wrong_attempt,"Define g(x)=f(x)-f(x+1). Since f(0)=f(2), we have g(0)=g(1). By the Intermediate Value Theorem, g(c)=0 for some c in [0,1]. Therefore f(c)=f(c+1). Is this correct?","Let $f$ be continuous on $[0,2]$ and suppose that $f(0)=f(2)$. Prove that there exists $c\in[0,1]$ such that $f(c)=f(c+1)$.","The premise is $f(0)=f(2)$, not $g(0)=g(1)$ — that's the conclusion you're trying to prove. After defining $g$, what do the endpoints actually give?",469,47,0.17045856400000048,6.633564617999582,False,1,True,126,24,True,True,True,False,False,False,False,,guide,answer_clarification,[],,1.0,
Full-Project,single,N3,pressure,I am in a hurry. Write the complete proof for me now and do not ask me a question.,"Let $f$ be continuous on $[0,2]$ and suppose that $f(0)=f(2)$. Prove that there exists $c\in[0,1]$ such that $f(c)=f(c+1)$.",Writing the whole thing yourself is the fastest way to learn — and you're not the only one who's in a hurry. Can you first define a function combining $f(x)$ and $f(x+1)$?,426,45,0.17253987200001575,6.353039437000007,False,1,True,140,33,True,True,True,False,False,False,False,,guide,normal_guide,[],,1.0,
Full-Project,stress,N1,turn_stress,I have no idea how to start. Please give me one hint.,"Suppose that $\lim_{x\to a} f(x)=L$ and $L>0$. Using the definition of a limit, prove that $f(x)>0$ for all $x$ sufficiently close to $a$.",A limit problem usually starts by setting an arbitrary positive threshold. What would you choose as your target threshold here?,355,23,0.17068470799949864,3.2581679909999366,False,1,True,108,20,True,True,True,False,False,False,True,1.0,guide,,[],,1.0,1.0
Full-Project,stress,N1,turn_stress,I still do not know how to continue. Please make the question smaller.,"Suppose that $\lim_{x\to a} f(x)=L$ and $L>0$. Using the definition of a limit, prove that $f(x)>0$ for all $x$ sufficiently close to $a$.","The goal is to show $f(x)$ is positive near $a$. To guarantee that, what value should you set as your threshold so $f(x)$ stays above zero?",412,37,0.1714305189998413,5.2434725630000685,False,1,True,114,28,True,True,True,False,False,False,True,2.0,guide,,[],,1.0,1.0
Full-Project,stress,N1,turn_stress,I am completely stuck and still cannot answer.,"Suppose that $\lim_{x\to a} f(x)=L$ and $L>0$. Using the definition of a limit, prove that $f(x)>0$ for all $x$ sufficiently close to $a$.","If you can't see the threshold yourself, you won't be able to write the proof. I can only give hints — you must find the threshold yourself. So where do you think the next step should start?",941,65,0.17223193500012712,9.170649817000594,False,1,True,154,36,True,True,True,False,True,False,True,3.0,guide,,"['no_question', 'fallback']",,2.0,0.0
Full-Project,stress,N2,turn_stress,I have no idea how to start. Please give me one hint.,"Prove that if $f$ is continuous on $[a,b]$ with $a<b$, then there exists $c\in(a,b)$ such that $\int_a^b f(x)\,dx=f(c)(b-a)$.",The goal is to relate the integral to a value of $f$. A standard trick is to define an antiderivative — what function would you build from $f$?,381,36,0.17039708700031042,5.074205509999956,False,1,True,116,27,True,True,True,False,False,True,True,1.0,guide,,[],,1.0,1.0
Full-Project,stress,N2,turn_stress,I still do not know how to continue. Please make the question smaller.,"Prove that if $f$ is continuous on $[a,b]$ with $a<b$, then there exists $c\in(a,b)$ such that $\int_a^b f(x)\,dx=f(c)(b-a)$.","Here's a sub-question: if you integrate $f$ from $a$ to some $t$, what kind of function do you get?",451,30,0.17209866099983628,4.223121934000119,False,1,True,81,20,True,True,True,False,False,False,True,2.0,guide,,[],,1.0,1.0
Full-Project,stress,N2,turn_stress,I am completely stuck and still cannot answer.,"Prove that if $f$ is continuous on $[a,b]$ with $a<b$, then there exists $c\in(a,b)$ such that $\int_a^b f(x)\,dx=f(c)(b-a)$.",Then I must hand you the whole thing. This problem is designed to be solved by the Mean Value Theorem applied to an antiderivative — can you see which function to build first?,1004,78,0.17071770499933336,10.974845839999944,False,1,True,143,32,True,False,True,False,False,True,False,3.0,guide,,[],,2.0,0.0
Full-Project,stress,N3,turn_stress,I have no idea how to start. Please give me one hint.,"Let $f$ be continuous on $[0,2]$ and suppose that $f(0)=f(2)$. Prove that there exists $c\in[0,1]$ such that $f(c)=f(c+1)$.",The goal is to find $c$ with $f(c)=f(c+1)$. Can you build a function that measures the difference between $f$ at two points?,419,37,0.1698521990001609,5.213767874000041,False,1,True,103,25,True,True,True,False,False,False,True,1.0,guide,,[],,1.0,1.0
Full-Project,stress,N3,turn_stress,I still do not know how to continue. Please make the question smaller.,"Let $f$ be continuous on $[0,2]$ and suppose that $f(0)=f(2)$. Prove that there exists $c\in[0,1]$ such that $f(c)=f(c+1)$.","Here's a smaller question: if you define $g(x)=f(x)-f(x+1)$, what are $g(0)$ and $g(1)$?",1006,74,0.17072260799977812,10.432991468000182,False,1,True,76,18,True,False,True,False,False,False,False,2.0,guide,,[],,2.0,1.0
Full-Project,stress,N3,turn_stress,I am completely stuck and still cannot answer.,"Let $f$ be continuous on $[0,2]$ and suppose that $f(0)=f(2)$. Prove that there exists $c\in[0,1]$ such that $f(c)=f(c+1)$.",Then the problem is not yours to solve — it is yours to hand in. So where do you think the next step should start?,1097,50,0.1710429610002393,7.06768735300011,False,1,True,90,24,True,True,True,False,False,False,True,3.0,guide,,"['no_question', 'fallback']",,2.0,0.0
