blind_id,problem_id,problem,verified_reference,student_draft,reviewer_response,rater_id,root_issue_correct_0or1,false_issue_added_0or1,completeness_1to5,usable_for_tutor_0or1,notes
R-N1-M1,N1,"Suppose that $\lim_{x\to a} f(x)=L$ and $L>0$. Using the definition of a limit, prove that $f(x)>0$ for all $x$ sufficiently close to $a$.","Let $\varepsilon=L/2>0$. By $\lim_{x\to a}f(x)=L$, there is $\delta>0$ such that $0<|x-a|<\delta$ implies $|f(x)-L|<L/2$. Hence $f(x)>L-L/2=L/2>0$. Therefore $f(x)>0$ for every $x$ in a sufficiently small punctured neighborhood of $a$.",I use epsilon = 1. Then there is delta > 0 such that 0 < |x-a| < delta implies |f(x)-L| < 1. Thus f(x) > L-1 > 0 because L > 0. Is this proof correct?,"[""The student incorrectly assumes that L - 1 > 0 without justification, as L > 0 does not imply L > 1.""]",,,,,,
R-N1-M2,N1,"Suppose that $\lim_{x\to a} f(x)=L$ and $L>0$. Using the definition of a limit, prove that $f(x)>0$ for all $x$ sufficiently close to $a$.","Let $\varepsilon=L/2>0$. By $\lim_{x\to a}f(x)=L$, there is $\delta>0$ such that $0<|x-a|<\delta$ implies $|f(x)-L|<L/2$. Hence $f(x)>L-L/2=L/2>0$. Therefore $f(x)>0$ for every $x$ in a sufficiently small punctured neighborhood of $a$.",I use epsilon = 1. Then there is delta > 0 such that 0 < |x-a| < delta implies |f(x)-L| < 1. Thus f(x) > L-1 > 0 because L > 0. Is this proof correct?,"The core idea is right but the choice of $\varepsilon=1$ is too crude — it may not even make $L-1>0$. To guarantee $f(x)>0$, you must choose $\varepsilon$ so small that $L-\varepsilon$ remains positive. What should $\varepsilon$ be chosen as?",,,,,,
R-N1-M3,N1,"Suppose that $\lim_{x\to a} f(x)=L$ and $L>0$. Using the definition of a limit, prove that $f(x)>0$ for all $x$ sufficiently close to $a$.","Let $\varepsilon=L/2>0$. By $\lim_{x\to a}f(x)=L$, there is $\delta>0$ such that $0<|x-a|<\delta$ implies $|f(x)-L|<L/2$. Hence $f(x)>L-L/2=L/2>0$. Therefore $f(x)>0$ for every $x$ in a sufficiently small punctured neighborhood of $a$.",I use epsilon = 1. Then there is delta > 0 such that 0 < |x-a| < delta implies |f(x)-L| < 1. Thus f(x) > L-1 > 0 because L > 0. Is this proof correct?,"[""The choice of ε = 1 is insufficient to guarantee f(x) > 0; it depends on L, and the argument fails when L is very small (e.g., L = 0.1), since L−1 < 0. The proof must use ε = L/2 to ensure that f(x) > L − L/2 = L/2 > 0, which is strictly positive. The student's choice of ε = 1 does not work in general and misses the necessity of choosing ε based on L to bound away from zero.""]",,,,,,
R-N2-M1,N2,"Prove that if $f$ is continuous on $[a,b]$ with $a<b$, then there exists $c\in(a,b)$ such that $\int_a^b f(x)\,dx=f(c)(b-a)$.","Define $F(t)=\int_a^t f(x)\,dx$. Since $f$ is continuous, the Fundamental Theorem of Calculus gives that $F$ is continuous on $[a,b]$, differentiable on $(a,b)$, and $F'(t)=f(t)$. By the Mean Value Theorem, there is $c\in(a,b)$ such that $F(b)-F(a)=F'(c)(b-a)$. Since $F(a)=0$, this is exactly $\int_a^b f(x)\,dx=f(c)(b-a)$.","I use the Intermediate Value Theorem as follows. Let A=(1/(b-a)) integral_a^b f(x) dx. Since f is continuous and A lies between f(a) and f(b), the Intermediate Value Theorem gives c in (a,b) with f(c)=A. Is this correct?","[""The student incorrectly applies the Intermediate Value Theorem to conclude that there exists $c \in (a,b)$ with $f(c) = \frac{1}{b-a} \int_a^b f(x)\,dx$, without justifying that the average value of $f$ lies between $f(a)$ and $f(b)$, which is not necessarily true for all continuous functions; the correct argument relies on the Mean Value Theorem for integrals, not the Intermediate Value Theorem."", ""The student fails to establish that the value $A = \frac{1}{b-a} \int_a^b f(x)\,dx$ equals $f(c)$ for some $c \in (a,b)$ via a proper application of the Mean Value Theorem for integrals, which requires a different argument based on the continuity of $f$ and the Fundamental Theorem of Calculus, not the Intermediate Value Theorem.""]",,,,,,
R-N2-M2,N2,"Prove that if $f$ is continuous on $[a,b]$ with $a<b$, then there exists $c\in(a,b)$ such that $\int_a^b f(x)\,dx=f(c)(b-a)$.","Define $F(t)=\int_a^t f(x)\,dx$. Since $f$ is continuous, the Fundamental Theorem of Calculus gives that $F$ is continuous on $[a,b]$, differentiable on $(a,b)$, and $F'(t)=f(t)$. By the Mean Value Theorem, there is $c\in(a,b)$ such that $F(b)-F(a)=F'(c)(b-a)$. Since $F(a)=0$, this is exactly $\int_a^b f(x)\,dx=f(c)(b-a)$.","I use the Intermediate Value Theorem as follows. Let A=(1/(b-a)) integral_a^b f(x) dx. Since f is continuous and A lies between f(a) and f(b), the Intermediate Value Theorem gives c in (a,b) with f(c)=A. Is this correct?","[""學生在應用中間值定理前，未證明 $A$ 介於 $f(a)$ 和 $f(b)$ 之間""]",,,,,,
R-N2-M3,N2,"Prove that if $f$ is continuous on $[a,b]$ with $a<b$, then there exists $c\in(a,b)$ such that $\int_a^b f(x)\,dx=f(c)(b-a)$.","Define $F(t)=\int_a^t f(x)\,dx$. Since $f$ is continuous, the Fundamental Theorem of Calculus gives that $F$ is continuous on $[a,b]$, differentiable on $(a,b)$, and $F'(t)=f(t)$. By the Mean Value Theorem, there is $c\in(a,b)$ such that $F(b)-F(a)=F'(c)(b-a)$. Since $F(a)=0$, this is exactly $\int_a^b f(x)\,dx=f(c)(b-a)$.","I use the Intermediate Value Theorem as follows. Let A=(1/(b-a)) integral_a^b f(x) dx. Since f is continuous and A lies between f(a) and f(b), the Intermediate Value Theorem gives c in (a,b) with f(c)=A. Is this correct?","The conclusion is right but the tool is wrong: the IVT needs the value to lie between the endpoint values — it doesn't guarantee a point with the average value. Also, the average need not lie between $f(a)$ and $f(b)$; $f$ may be negative. Which theorem should you use instead?",,,,,,
R-N3-M1,N3,"Let $f$ be continuous on $[0,2]$ and suppose that $f(0)=f(2)$. Prove that there exists $c\in[0,1]$ such that $f(c)=f(c+1)$.","Define $g(x)=f(x)-f(x+1)$ for $x\in[0,1]$. Then $g$ is continuous. Moreover, $g(0)=f(0)-f(1)$ and $g(1)=f(1)-f(2)=f(1)-f(0)=-g(0)$. If $g(0)=0$, take $c=0$; if $g(1)=0$, take $c=1$. Otherwise $g(0)$ and $g(1)$ have opposite signs, so the Intermediate Value Theorem gives some $c\in(0,1)$ with $g(c)=0$. In every case, $f(c)=f(c+1)$.","I use the function g(x)=f(x)-f(x+1). Since f(0)=f(2), we have g(0)=g(1). By the Intermediate Value Theorem, g(c)=0 for some c in [0,1]. Therefore f(c)=f(c+1). Is this correct?","[""The student incorrectly states that $g(0) = g(1)$ when in fact $g(1) = -g(0)$ because $f(0) = f(2)$ implies $g(1) = f(1) - f(2) = f(1) - f(0) = -(f(0) - f(1)) = -g(0)$.""]",,,,,,
R-N3-M2,N3,"Let $f$ be continuous on $[0,2]$ and suppose that $f(0)=f(2)$. Prove that there exists $c\in[0,1]$ such that $f(c)=f(c+1)$.","Define $g(x)=f(x)-f(x+1)$ for $x\in[0,1]$. Then $g$ is continuous. Moreover, $g(0)=f(0)-f(1)$ and $g(1)=f(1)-f(2)=f(1)-f(0)=-g(0)$. If $g(0)=0$, take $c=0$; if $g(1)=0$, take $c=1$. Otherwise $g(0)$ and $g(1)$ have opposite signs, so the Intermediate Value Theorem gives some $c\in(0,1)$ with $g(c)=0$. In every case, $f(c)=f(c+1)$.","I use the function g(x)=f(x)-f(x+1). Since f(0)=f(2), we have g(0)=g(1). By the Intermediate Value Theorem, g(c)=0 for some c in [0,1]. Therefore f(c)=f(c+1). Is this correct?","The step ""since $f(0)=f(2)$, we have $g(0)=g(1)$"" is false — it's not true in general. What does $g(0)$ equal and what does $g(1)$ equal?",,,,,,
R-N3-M3,N3,"Let $f$ be continuous on $[0,2]$ and suppose that $f(0)=f(2)$. Prove that there exists $c\in[0,1]$ such that $f(c)=f(c+1)$.","Define $g(x)=f(x)-f(x+1)$ for $x\in[0,1]$. Then $g$ is continuous. Moreover, $g(0)=f(0)-f(1)$ and $g(1)=f(1)-f(2)=f(1)-f(0)=-g(0)$. If $g(0)=0$, take $c=0$; if $g(1)=0$, take $c=1$. Otherwise $g(0)$ and $g(1)$ have opposite signs, so the Intermediate Value Theorem gives some $c\in(0,1)$ with $g(c)=0$. In every case, $f(c)=f(c+1)$.","I use the function g(x)=f(x)-f(x+1). Since f(0)=f(2), we have g(0)=g(1). By the Intermediate Value Theorem, g(c)=0 for some c in [0,1]. Therefore f(c)=f(c+1). Is this correct?","[
  ""Step: 'we have g(0)=g(1)' is incorrect. From f(0)=f(2), it follows that g(0)=f(0)-f(1), g(1)=f(1)-f(2)=f(1)-f(0)=-g(0), so g(1) = -g(0), not equal to g(0) unless g(0)=0. This assertion is false in general and leads to a wrong application of IVT."",
  ""Step: 'By the Intermediate Value Theorem, g(c)=0 for some c in [0,1]' lacks justification — the student assumes g(0)=g(1) implies opposite signs or zero, but this is not true. Even if g(0)=g(1), it does not guarantee a root unless sign change or zero value is established. The condition g(0)=g(1) is not sufficient to apply IVT.""
]",,,,,,
R-R1-M1,R1,Prove from the definition that lim_{x->2} x^2 = 4.,"For |x-2|<1 we have |x+2|<5; choose delta=min(1,epsilon/5), so |x^2-4|=|x-2||x+2|<epsilon.",Let delta=epsilon/|x+2|. Then |x-2|<delta implies |x^2-4|=|x-2||x+2|<epsilon.,$\delta$ 不能隨 $x$ 變動，這裡把 $\delta$ 定成含 $x$ 的式子就是違法。教訓：$\delta$ 必須由 $x$ 的範圍與常數估計決定，不能依賴變動的因子。,,,,,,
R-R1-M2,R1,Prove from the definition that lim_{x->2} x^2 = 4.,"For |x-2|<1 we have |x+2|<5; choose delta=min(1,epsilon/5), so |x^2-4|=|x-2||x+2|<epsilon.",Let delta=epsilon/|x+2|. Then |x-2|<delta implies |x^2-4|=|x-2||x+2|<epsilon.,"[""在定義 δ = ε / |x+2| 時，δ 依賴於 x 但 δ 必須是不依賴於 x 的常數"", ""在推導 |x^2-4| < ε 時，未陳述 |x-2|<1 以確保 |x+2| 有界""]",,,,,,
R-R1-M3,R1,Prove from the definition that lim_{x->2} x^2 = 4.,"For |x-2|<1 we have |x+2|<5; choose delta=min(1,epsilon/5), so |x^2-4|=|x-2||x+2|<epsilon.",Let delta=epsilon/|x+2|. Then |x-2|<delta implies |x^2-4|=|x-2||x+2|<epsilon.,"[
  ""The student defines delta in terms of |x+2|, which is not fixed and depends on x, violating the requirement that delta must be chosen independently of x to define the limit."",
  ""The student does not establish a bound on |x+2| for x near 2, such as showing |x+2| < 5 when |x-2| < 1, which is necessary to control the expression |x+2| in the inequality |x^2 - 4| = |x-2||x+2|."",
  ""The step where |x-2||x+2| < epsilon is claimed without justification of the bound on |x+2|, missing the crucial bounding argument that ensures the inequality holds uniformly near x=2.""
]",,,,,,
R-R2-M1,R2,Prove that every convergent real sequence is bounded.,"Choose N so n>=N implies |a_n-L|<1, hence |a_n|<|L|+1; combine this tail bound with the maximum of the finitely many initial absolute values.","Since a_n converges to L, choose N so n>=N gives |a_n|<|L|+1. Therefore |a_n|<|L|+1 for every n and the sequence is bounded.","[""The student assumes |a_n| < |L| + 1 for all n without establishing that the initial terms are bounded.""]",,,,,,
R-R2-M2,R2,Prove that every convergent real sequence is bounded.,"Choose N so n>=N implies |a_n-L|<1, hence |a_n|<|L|+1; combine this tail bound with the maximum of the finitely many initial absolute values.","Since a_n converges to L, choose N so n>=N gives |a_n|<|L|+1. Therefore |a_n|<|L|+1 for every n and the sequence is bounded.","The conclusion holds only for $n\ge N$, not for every $n$. The finitely many terms $n<N$ are not covered by the tail estimate — you must mention them.",,,,,,
R-R2-M3,R2,Prove that every convergent real sequence is bounded.,"Choose N so n>=N implies |a_n-L|<1, hence |a_n|<|L|+1; combine this tail bound with the maximum of the finitely many initial absolute values.","Since a_n converges to L, choose N so n>=N gives |a_n|<|L|+1. Therefore |a_n|<|L|+1 for every n and the sequence is bounded.","[""The student assumes that |a_n| < |L| + 1 for every n without justifying that the tail behavior extends to all n; the initial terms (n < N) are not addressed, so the bound for the entire sequence is incomplete.""]",,,,,,
R-R3-M1,R3,"If S is nonempty and bounded above, prove there is a sequence in S converging to sup S.",For each n choose s_n in S with sup S-1/n < s_n <= sup S; the squeeze theorem gives s_n -> sup S.,"Because alpha=sup S is the least upper bound, alpha belongs to S. Take s_n=alpha for all n.","[""學生在 'alpha 屬於 S' 這一步錯誤地斷言 sup S 屬於 S，但題目中 S 只是非空有上界，sup S 不一定在 S 中（例如 S = (0,1)）""]",,,,,,
R-R3-M2,R3,"If S is nonempty and bounded above, prove there is a sequence in S converging to sup S.",For each n choose s_n in S with sup S-1/n < s_n <= sup S; the squeeze theorem gives s_n -> sup S.,"Because alpha=sup S is the least upper bound, alpha belongs to S. Take s_n=alpha for all n.","$s_n=\alpha$ does converge to $\sup S$, but it's not a sequence in $S$ — it's constant at $\sup S$. The problem asks for a sequence *in* $S$, so $\sup S$ must be an element of $S$. Why is that premise missing?",,,,,,
R-R3-M3,R3,"If S is nonempty and bounded above, prove there is a sequence in S converging to sup S.",For each n choose s_n in S with sup S-1/n < s_n <= sup S; the squeeze theorem gives s_n -> sup S.,"Because alpha=sup S is the least upper bound, alpha belongs to S. Take s_n=alpha for all n.","[""The student incorrectly assumes that sup S belongs to S, which is not true in general for a nonempty bounded above set S. A supremum need not be an element of S; for example, S = (0,1) has sup S = 1, but 1 ∉ S. Therefore, the choice s_n = α for all n is invalid because α may not be in S.""]",,,,,,
R-R4-M1,R4,Prove that differentiability of f at a implies continuity at a.,Write f(x)-f(a)=((f(x)-f(a))/(x-a))(x-a) for x!=a and take limits; the factors tend to f'(a) and 0.,"Since f'(a)=lim_{x->a}(f(x)-f(a))/(x-a), substitute x=a to obtain f(a)-f(a)=0, proving continuity.","[
  ""The student incorrectly substitutes x=a into the definition of the derivative, which is not valid because the expression (f(x)-f(a))/(x-a) is undefined at x=a and the limit is only defined as x approaches a, not at x=a.""
 ]",,,,,,
R-R4-M2,R4,Prove that differentiability of f at a implies continuity at a.,Write f(x)-f(a)=((f(x)-f(a))/(x-a))(x-a) for x!=a and take limits; the factors tend to f'(a) and 0.,"Since f'(a)=lim_{x->a}(f(x)-f(a))/(x-a), substitute x=a to obtain f(a)-f(a)=0, proving continuity.","[""In the substitution step where the student substitutes x=a, they assume that (f(x)-f(a))/(x-a) is defined at x=a without justification, but it is undefined for differentiable functions.""]",,,,,,
R-R4-M3,R4,Prove that differentiability of f at a implies continuity at a.,Write f(x)-f(a)=((f(x)-f(a))/(x-a))(x-a) for x!=a and take limits; the factors tend to f'(a) and 0.,"Since f'(a)=lim_{x->a}(f(x)-f(a))/(x-a), substitute x=a to obtain f(a)-f(a)=0, proving continuity.",Substitution is not valid at the point itself — the limit is not equal to the value. The identity must be written first for $x\ne a$.,,,,,,
R-R5-M1,R5,"Decide whether every continuous function on (0,1) is uniformly continuous.","The statement is false; f(x)=1/x is continuous on (0,1) but not uniformly continuous, as points near zero can be arbitrarily close while their values stay far apart.","Every continuous function on an interval is uniformly continuous, so continuity on (0,1) is enough by Heine-Cantor.","[""The claim that every continuous function on an interval is uniformly continuous is false, as counterexamples exist such as f(x) = 1/x on (0,1)."", ""Heine-Cantor theorem requires the domain to be compact, but (0,1) is not compact, so its premise is not satisfied.""]",,,,,,
R-R5-M2,R5,"Decide whether every continuous function on (0,1) is uniformly continuous.","The statement is false; f(x)=1/x is continuous on (0,1) but not uniformly continuous, as points near zero can be arbitrarily close while their values stay far apart.","Every continuous function on an interval is uniformly continuous, so continuity on (0,1) is enough by Heine-Cantor.",Heine-Cantor 需要「閉區間」而非開區間，故不能套用。教訓：Heine-Cantor 的前提是緊緻性。,,,,,,
R-R5-M3,R5,"Decide whether every continuous function on (0,1) is uniformly continuous.","The statement is false; f(x)=1/x is continuous on (0,1) but not uniformly continuous, as points near zero can be arbitrarily close while their values stay far apart.","Every continuous function on an interval is uniformly continuous, so continuity on (0,1) is enough by Heine-Cantor.","[""The student incorrectly assumes that every continuous function on an interval is uniformly continuous, which is false; the Heine-Cantor theorem requires the domain to be closed and bounded (compact), whereas (0,1) is open and not compact, so the theorem does not apply.""]",,,,,,
R-R6-M1,R6,"Can the Mean Value Theorem be applied to f(x)=|x| on [-1,1]?","No: although f is continuous on [-1,1], it is not differentiable at 0, so the Mean Value Theorem hypotheses fail.","The function is continuous, so MVT gives c in (-1,1) with f'(c)=(f(1)-f(-1))/2=0.",The student forgot to check differentiability — the MVT needs both continuity AND differentiability on the open interval.,,,,,,
R-R6-M2,R6,"Can the Mean Value Theorem be applied to f(x)=|x| on [-1,1]?","No: although f is continuous on [-1,1], it is not differentiable at 0, so the Mean Value Theorem hypotheses fail.","The function is continuous, so MVT gives c in (-1,1) with f'(c)=(f(1)-f(-1))/2=0.","[""The student incorrectly assumes that the Mean Value Theorem applies without verifying differentiability at 0; the function |x| is not differentiable at x=0, so the hypotheses of MVT are not satisfied.""]",,,,,,
R-R6-M3,R6,"Can the Mean Value Theorem be applied to f(x)=|x| on [-1,1]?","No: although f is continuous on [-1,1], it is not differentiable at 0, so the Mean Value Theorem hypotheses fail.","The function is continuous, so MVT gives c in (-1,1) with f'(c)=(f(1)-f(-1))/2=0.","[""The student did not verify that f is differentiable on (-1,1) when claiming MVT applies to f on [-1,1].""]",,,,,,
R-R7-M1,R7,"Does pointwise convergence of continuous f_n on [0,1] justify interchanging limit and integral?",No in general; f_n(x)=n x(1-x^2)^n is continuous and converges pointwise to 0 while its integrals do not converge to the integral of 0 without an additional theorem such as dominated or uniform convergence.,"Each f_n is continuous and f_n(x) converges pointwise to f(x), so lim integral f_n equals integral f by continuity.","The conclusion assumes continuity of the integral passes through limits — which theorem is that, and what does it require?",,,,,,
R-R7-M2,R7,"Does pointwise convergence of continuous f_n on [0,1] justify interchanging limit and integral?",No in general; f_n(x)=n x(1-x^2)^n is continuous and converges pointwise to 0 while its integrals do not converge to the integral of 0 without an additional theorem such as dominated or uniform convergence.,"Each f_n is continuous and f_n(x) converges pointwise to f(x), so lim integral f_n equals integral f by continuity.","[""In the step 'so lim integral f_n equals integral f by continuity', the student does not specify any additional conditions (e.g., uniform convergence or dominated convergence) necessary for interchanging limit and integral."", ""The student references 'continuity' as the justification for interchanging limit and integral, but this is not valid without verifying the necessary conditions such as uniform convergence.""]",,,,,,
R-R7-M3,R7,"Does pointwise convergence of continuous f_n on [0,1] justify interchanging limit and integral?",No in general; f_n(x)=n x(1-x^2)^n is continuous and converges pointwise to 0 while its integrals do not converge to the integral of 0 without an additional theorem such as dominated or uniform convergence.,"Each f_n is continuous and f_n(x) converges pointwise to f(x), so lim integral f_n equals integral f by continuity.","[""The student incorrectly assumes that pointwise convergence of continuous functions justifies interchanging limit and integral without any additional conditions such as uniform convergence or domination; this is a mathematical error as shown by the counterexample provided in the reference proof.""]",,,,,,
R-R8-M1,R8,"If a_n tends to zero, must the series sum a_n converge?",No; the harmonic sequence a_n=1/n tends to zero but the harmonic series diverges.,"Yes. Since a_n tends to zero, the tails become arbitrarily small, so the partial sums form a Cauchy sequence.","The conclusion is false and the argument is invalid. The counterexample is simply stated: $a_n=1/n\to0$ yet $\sum1/n$ diverges. Why is the student's ""Cauchy"" argument wrong?",,,,,,
R-R8-M2,R8,"If a_n tends to zero, must the series sum a_n converge?",No; the harmonic sequence a_n=1/n tends to zero but the harmonic series diverges.,"Yes. Since a_n tends to zero, the tails become arbitrarily small, so the partial sums form a Cauchy sequence.","[""In the step 'the tails become arbitrarily small', the student does not specify what 'tails' refers to."", ""The student incorrectly assumes that a_n → 0 implies the tail sums tend to zero, but this is not true for the harmonic series.""]",,,,,,
R-R8-M3,R8,"If a_n tends to zero, must the series sum a_n converge?",No; the harmonic sequence a_n=1/n tends to zero but the harmonic series diverges.,"Yes. Since a_n tends to zero, the tails become arbitrarily small, so the partial sums form a Cauchy sequence.","[""The student's conclusion is incorrect: a_n tending to zero does not imply that the series sum a_n converges. A counterexample is provided in the reference solution (e.g., a_n = 1/n), where a_n → 0 but ∑a_n diverges. The claim that 'the tails become arbitrarily small' is a common misconception — while it is true for convergent series, it is not sufficient for convergence; the necessary and sufficient condition for convergence is not just lim a_n = 0, but also the Cauchy criterion applied properly with the full series structure. The student fails to address that the tail behavior of a_n → 0 does not guarantee that the partial sums form a Cauchy sequence for the series."" ]",,,,,,
R-R9-M1,R9,"If a continuous f satisfies f(0)<0<f(1), what does IVT guarantee?","IVT guarantees at least one zero in (0,1); uniqueness requires an additional condition such as strict monotonicity.","IVT guarantees exactly one c in (0,1) with f(c)=0 because the endpoint signs are opposite.","[""The student incorrectly claims that IVT guarantees exactly one zero, but IVT only guarantees at least one zero; uniqueness requires additional conditions such as strict monotonicity.""]",,,,,,
R-R9-M2,R9,"If a continuous f satisfies f(0)<0<f(1), what does IVT guarantee?","IVT guarantees at least one zero in (0,1); uniqueness requires an additional condition such as strict monotonicity.","IVT guarantees exactly one c in (0,1) with f(c)=0 because the endpoint signs are opposite.","[""The student incorrectly claims that IVT guarantees exactly one zero, but the reference solution states that IVT only guarantees at least one zero; uniqueness is not guaranteed without additional conditions like strict monotonicity.""]",,,,,,
R-R9-M3,R9,"If a continuous f satisfies f(0)<0<f(1), what does IVT guarantee?","IVT guarantees at least one zero in (0,1); uniqueness requires an additional condition such as strict monotonicity.","IVT guarantees exactly one c in (0,1) with f(c)=0 because the endpoint signs are opposite.",「exactly one」是多餘的結論，IVT 只保證存在性。教訓：不要把「單調」這個額外假設當成 IVT 自身給的。,,,,,,
